iata,name,country,tz
AAA,Anaa Airport,French Polynesia,Pacific/Tahiti
AAC,El Arish International Airport,Egypt,Africa/Cairo
AAE,Rabah Bitat Airport,Algeria,Africa/Algiers
AAF,Apalachicola Regional Airport,United States,America/New_York
AAH,Aachen-Merzbrück Airport,Germany,Europe/Berlin
AAK,Buariki Airport,Kiribati,
AAL,Aalborg Airport,Denmark,Europe/Copenhagen
AAM,Malamala Airport,South Africa,Africa/Johannesburg
AAN,Al Ain International Airport,United Arab Emirates,Asia/Dubai
AAO,Anaco Airport,Venezuela,America/Caracas
AAP,Andrau Airpark,United States,America/Chicago
AAQ,Anapa Vityazevo Airport,Russia,Europe/Moscow
AAR,Aarhus Airport,Denmark,Europe/Copenhagen
AAT,Altay Air Base,China,Asia/Shanghai
AAV,Allah Valley Airport,Philippines,
AAX,Romeu Zema Airport,Brazil,America/Sao_Paulo
AAY,Al Ghaidah International Airport,Yemen,Asia/Aden
AAZ,Quezaltenango Airport,Guatemala,America/Guatemala
ABA,Abakan Airport,Russia,Asia/Krasnoyarsk
ABB,Asaba International Airport,Nigeria,Africa/Lagos
ABC,Albacete-Los Llanos Airport,Spain,Europe/Madrid
ABD,Abadan Airport,Iran,Asia/Tehran
ABE,Lehigh Valley International Airport,United States,America/New_York
ABF,Abaiang Airport,Kiribati,Pacific/Tarawa
ABH,Alpha Airport,Australia,
ABI,Abilene Regional Airport,United States,America/Chicago
ABJ,Port Bouet Airport,Cote d'Ivoire,Africa/Abidjan
ABK,Kabri Dehar Airport,Ethiopia,Africa/Addis_Ababa
ABL,Ambler Airport,United States,America/Anchorage
ABM,Northern Peninsula Airport,Australia,Australia/Brisbane
ABN,Albina Airport,Suriname,America/Paramaribo
ABQ,Albuquerque International Sunport,United States,America/Denver
ABR,Aberdeen Regional Airport,United States,America/Chicago
ABS,Abu Simbel Airport,Egypt,Africa/Cairo
ABT,Al Baha Airport,Saudi Arabia,Asia/Riyadh
ABV,Nnamdi Azikiwe International Airport,Nigeria,Africa/Lagos
ABX,Albury Airport,Australia,Australia/Sydney
ABY,Southwest Georgia Regional Airport,United States,America/New_York
ABZ,Aberdeen Dyce Airport,United Kingdom,Europe/London
ACA,General Juan N Alvarez International Airport,Mexico,America/Mexico_City
ACC,Kotoka International Airport,Ghana,Africa/Accra
ACD,Alcides Fernández Airport,Colombia,America/Bogota
ACE,Lanzarote Airport,Spain,Atlantic/Canary
ACF,Brisbane Archerfield Airport,Australia,Australia/Brisbane
ACH,St Gallen Altenrhein Airport,Switzerland,Europe/Zurich
ACI,Alderney Airport,Guernsey,Europe/Guernsey
ACJ,Anuradhapura Air Force Base,Sri Lanka,Asia/Colombo
ACK,Nantucket Memorial Airport,United States,America/New_York
ACN,Ciudad Acuña New International Airport,Mexico,America/Mexico_City
ACP,Sahand Airport,Iran,Asia/Tehran
ACR,Araracuara Airport,Colombia,America/Bogota
ACS,Achinsk Airport,Russia,
ACT,Waco Regional Airport,United States,America/Chicago
ACV,California Redwood Coast-Humboldt County Airport,United States,America/Los_Angeles
ACX,Xingyi Airport,China,Asia/Shanghai
ACY,Atlantic City International Airport,United States,America/New_York
ACZ,Zabol Airport,Iran,Asia/Tehran
ADA,Adana Airport,Turkey,Europe/Istanbul
ADB,Adnan Menderes International Airport,Turkey,Europe/Istanbul
ADD,Addis Ababa Bole International Airport,Ethiopia,Africa/Addis_Ababa
ADE,Aden International Airport,Yemen,Asia/Aden
ADF,Adıyaman Airport,Turkey,Europe/Istanbul
ADH,Aldan Airport,Russia,Asia/Yakutsk
ADI,Arandis Airport,Namibia,
ADJ,Amman-Marka International Airport,Jordan,Asia/Amman
ADK,Adak Airport,United States,America/Adak
ADL,Adelaide International Airport,Australia,Australia/Adelaide
ADM,Ardmore Municipal Airport,United States,America/Chicago
ADP,Ampara Airport,Sri Lanka,Asia/Colombo
ADQ,Kodiak Airport,United States,America/Anchorage
ADS,Addison Airport,United States,America/Chicago
ADT,Ada Regional Airport,United States,America/Chicago
ADU,Ardabil Airport,Iran,Asia/Tehran
ADW,Joint Base Andrews,United States,America/New_York
ADX,RAF Leuchars,United Kingdom,Europe/London
ADY,Alldays Airport,South Africa,Africa/Johannesburg
ADZ,Gustavo Rojas Pinilla International Airport,Colombia,America/Bogota
AEA,Abemama Atoll Airport,Kiribati,Pacific/Tarawa
AEB,Baise Youjiang Airport,China,Asia/Shanghai
AEG,Aek Godang Airport,Indonesia,Asia/Jakarta
AEH,Abeche Airport,Chad,Africa/Ndjamena
AEI,Algeciras Heliport,Spain,
AEO,Aioun el Atrouss Airport,Mauritania,Africa/Nouakchott
AEP,Jorge Newbery Airpark,Argentina,America/Buenos_Aires
AER,Sochi International Airport,Russia,Europe/Moscow
AES,Ålesund Airport,Norway,Europe/Oslo
AET,Allakaket Airport,United States,America/Anchorage
AEU,Abu Musa Island Airport,Iran,Asia/Tehran
AEX,Alexandria International Airport,United States,America/Chicago
AEY,Akureyri Airport,Iceland,Atlantic/Reykjavik
AFA,Suboficial Ay Santiago Germano Airport,Argentina,America/Mendoza
AFL,Piloto Osvaldo Marques Dias Airport,Brazil,America/Campo_Grande
AFS,Sugraly Airport,Uzbekistan,Asia/Samarkand
AFT,Afutara Aerodrome,Solomon Islands,Pacific/Guadalcanal
AFW,Fort Worth Alliance Airport,United States,America/Chicago
AFY,Afyon Airport,Turkey,Europe/Istanbul
AFZ,Sabzevar National Airport,Iran,Asia/Tehran
AGA,Al Massira Airport,Morocco,Africa/Casablanca
AGB,Augsburg Airport,Germany,Europe/Berlin
AGC,Allegheny County Airport,United States,America/New_York
AGE,Wangerooge Airport,Germany,Europe/Berlin
AGF,Agen-La Garenne Airport,France,Europe/Paris
AGH,Ängelholm-Helsingborg Airport,Sweden,Europe/Stockholm
AGI,Wageningen Airstrip,Suriname,America/Paramaribo
AGJ,Aguni Airport,Japan,Asia/Tokyo
AGN,Angoon Seaplane Base,United States,America/Anchorage
AGP,Málaga Airport,Spain,Europe/Madrid
AGQ,Agrinion Air Base,Greece,Europe/Athens
AGR,Agra Airport,India,Asia/Calcutta
AGS,Augusta Regional At Bush Field,United States,America/New_York
AGT,Guarani International Airport,Paraguay,America/Asuncion
AGU,Jesús Terán Paredo International Airport,Mexico,America/Mexico_City
AGV,Oswaldo Guevara Mujica Airport,Venezuela,America/Caracas
AGX,Agatti Airport,India,Asia/Calcutta
AGZ,Aggeneys Airport,South Africa,Africa/Johannesburg
AHB,Abha Regional Airport,Saudi Arabia,Asia/Riyadh
AHE,Ahe Airport,French Polynesia,Pacific/Tahiti
AHJ,Hongyuan Airport,China,
AHN,Athens Ben Epps Airport,United States,America/New_York
AHO,Alghero-Fertilia Airport,Italy,Europe/Rome
AHS,Ahuas Airport,Honduras,America/Tegucigalpa
AHU,Cherif Al Idrissi Airport,Morocco,Africa/Casablanca
AIA,Alliance Municipal Airport,United States,America/Denver
AID,Anderson Municipal Darlington Field,United States,
AIK,Aiken Regional Airport,United States,America/New_York
AIN,Wainwright Airport,United States,America/Anchorage
AIP,Adampur Airport,India,
AIR,Aripuanã Airport,Brazil,
AIS,Arorae Island Airport,Kiribati,Pacific/Tarawa
AIT,Aitutaki Airport,Cook Islands,Pacific/Rarotonga
AIU,Enua Airport,Cook Islands,Pacific/Rarotonga
AIZ,Lee C Fine Memorial Airport,United States,America/Chicago
AJA,Ajaccio-Napoléon Bonaparte Airport,France,Europe/Paris
AJF,Al-Jawf Domestic Airport,Saudi Arabia,Asia/Riyadh
AJI,Ağrı Airport,Turkey,Europe/Istanbul
AJK,Arak Airport,Iran,Asia/Tehran
AJL,Lengpui Airport,India,Asia/Calcutta
AJN,Ouani Airport,Comoros,Indian/Comoro
AJR,Arvidsjaur Airport,Sweden,Europe/Stockholm
AJU,Santa Maria Airport,Brazil,America/Fortaleza
AJY,Mano Dayak International Airport,Niger,Africa/Niamey
AKA,Ankang Wulipu Airport,China,Asia/Shanghai
AKB,Atka Airport,United States,America/Adak
AKC,Akron Fulton International Airport,United States,America/New_York
AKD,Akola Airport,India,Asia/Calcutta
AKF,Kufra Airport,Libya,Africa/Tripoli
AKH,Prince Sultan Air Base,Saudi Arabia,Asia/Riyadh
AKI,Akiak Airport,United States,America/Anchorage
AKJ,Asahikawa Airport,Japan,Asia/Tokyo
AKK,Akhiok Airport,United States,America/Anchorage
AKL,Auckland International Airport,New Zealand,Pacific/Auckland
AKN,King Salmon Airport,United States,America/Anchorage
AKO,Colorado Plains Regional Airport,United States,America/Denver
AKP,Anaktuvuk Pass Airport,United States,America/Anchorage
AKR,Akure Airport,Nigeria,Africa/Lagos
AKS,Gwaunaru'u Airport,Solomon Islands,Pacific/Guadalcanal
AKT,RAF Akrotiri,Cyprus,Europe/London
AKU,Aksu Airport,China,Asia/Shanghai
AKV,Akulivik Airport,Canada,America/Toronto
AKW,Aghajari Airport,Iran,Asia/Tehran
AKX,Aktobe Airport,Kazakhstan,Asia/Oral
AKY,Sittwe Airport,Burma,Asia/Rangoon
ALA,Almaty Airport,Kazakhstan,Asia/Qyzylorda
ALB,Albany International Airport,United States,America/New_York
ALC,Alicante International Airport,Spain,Europe/Madrid
ALE,Alpine Casparis Municipal Airport,United States,
ALF,Alta Airport,Norway,Europe/Oslo
ALG,Houari Boumediene Airport,Algeria,Africa/Algiers
ALH,Albany Airport,Australia,Australia/Perth
ALI,Alice International Airport,United States,America/Chicago
ALJ,Alexander Bay Airport,South Africa,Africa/Johannesburg
ALL,Villanova D'Albenga International Airport,Italy,Europe/Rome
ALM,Alamogordo White Sands Regional Airport,United States,America/Denver
ALN,St Louis Regional Airport,United States,
ALO,Waterloo Regional Airport,United States,America/Chicago
ALP,Aleppo International Airport,Syria,Asia/Damascus
ALR,Alexandra Airport,New Zealand,Pacific/Auckland
ALS,San Luis Valley Regional Bergman Field,United States,America/Denver
ALU,Alula Airport,Somalia,Africa/Mogadishu
ALW,Walla Walla Regional Airport,United States,America/Los_Angeles
ALX,Thomas C Russell Field,United States,
ALY,El Nouzha Airport,Egypt,Africa/Cairo
AMA,Rick Husband Amarillo International Airport,United States,America/Chicago
AMB,Ambilobe Airport,Madagascar,Indian/Antananarivo
AMC,Am Timan Airport,Chad,Africa/Ndjamena
AMD,Sardar Vallabhbhai Patel International Airport,India,Asia/Calcutta
AMH,Arba Minch Airport,Ethiopia,Africa/Addis_Ababa
AMI,Selaparang Airport,Indonesia,Asia/Makassar
AMM,Queen Alia International Airport,Jordan,Asia/Amman
AMN,Gratiot Community Airport,Canada,
AMQ,"Pattimura Airport, Ambon",Indonesia,Asia/Jayapura
AMS,Amsterdam Airport Schiphol,Netherlands,Europe/Amsterdam
AMT,Amata Airport,Australia,
AMV,Amderma Airport,Russia,Europe/Moscow
AMZ,Ardmore Airport,New Zealand,Pacific/Auckland
ANB,Anniston Regional Airport,United States,America/Chicago
ANC,Ted Stevens Anchorage International Airport,United States,America/Anchorage
AND,Anderson Regional Airport,United States,America/New_York
ANE,Angers-Loire Airport,France,Europe/Paris
ANF,Andrés Sabella Gálvez International Airport,Chile,America/Santiago
ANG,Angoulême-Brie-Champniers Airport,France,Europe/Paris
ANI,Aniak Airport,United States,America/Anchorage
ANK,Etimesgut Air Base,Turkey,Europe/Istanbul
ANM,Antsirabato Airport,Madagascar,Indian/Antananarivo
ANN,Annette Island Airport,United States,America/Anchorage
ANP,Lee Airport,United States,America/New_York
ANQ,Tri State Steuben County Airport,United States,America/New_York
ANR,Antwerp International Airport (Deurne),Belgium,Europe/Brussels
ANS,Andahuaylas Airport,Peru,America/Lima
ANU,V.C. Bird International Airport,Antigua and Barbuda,America/Antigua
ANV,Anvik Airport,United States,America/Anchorage
ANX,Andøya Airport,Norway,Europe/Oslo
AOC,Altenburg-Nobitz Airport,Germany,Europe/Berlin
AOE,Anadolu Airport,Turkey,Europe/Istanbul
AOG,Anshan Air Base,China,Asia/Shanghai
AOH,Lima Allen County Airport,United States,America/New_York
AOI,Ancona Falconara Airport,Italy,Europe/Rome
AOJ,Aomori Airport,Japan,Asia/Tokyo
AOK,Karpathos Airport,Greece,Europe/Athens
AOL,Paso De Los Libres Airport,Argentina,America/Cordoba
AOO,Altoona Blair County Airport,United States,America/New_York
AOP,Alferez FAP Alfredo Vladimir Sara Bauer Airport,Peru,America/Lima
AOR,Sultan Abdul Halim Airport,Malaysia,Asia/Kuala_Lumpur
AOT,Aosta Airport,Italy,Europe/Rome
AOU,Attopeu Airport,Laos,
APA,Centennial Airport,United States,America/Denver
APC,Napa County Airport,United States,America/Los_Angeles
APF,Naples Municipal Airport,United States,America/New_York
APG,Phillips Army Air Field,United States,America/New_York
API,Gomez Nino Apiay Air Base,Colombia,
APK,Apataki Airport,French Polynesia,Pacific/Tahiti
APL,Nampula Airport,Mozambique,Africa/Maputo
APN,Alpena County Regional Airport,United States,America/New_York
APO,Antonio Roldan Betancourt Airport,Colombia,America/Bogota
APQ,Arapiraca Airport,Brazil,
APT,Marion County Brown Field,United States,
APW,Faleolo International Airport,Samoa,Pacific/Apia
APZ,Zapala Airport,Argentina,America/Argentina/Salta
AQA,Araraquara Airport,Brazil,America/Sao_Paulo
AQB,Santa Cruz del Quiche Airport,Guatemala,America/Guatemala
AQG,Anqing Tianzhushan Airport,China,Asia/Shanghai
AQI,Al Qaisumah/Hafr Al Batin Airport,Saudi Arabia,Asia/Riyadh
AQJ,Aqaba King Hussein International Airport,Jordan,Asia/Amman
AQP,Rodríguez Ballón International Airport,Peru,America/Lima
ARA,Acadiana Regional Airport,United States,America/Chicago
ARB,Ann Arbor Municipal Airport,United States,America/New_York
ARC,Arctic Village Airport,United States,America/Anchorage
ARD,Mali Airport,Indonesia,Asia/Makassar
ARE,Antonio Nery Juarbe Pol Airport,Puerto Rico,America/Puerto_Rico
ARH,Talagi Airport,Russia,Europe/Moscow
ARI,Chacalluta Airport,Chile,America/Santiago
ARK,Arusha Airport,Tanzania,Africa/Dar_es_Salaam
ARM,Armidale Airport,Australia,Australia/Sydney
ARN,Stockholm-Arlanda Airport,Sweden,Europe/Stockholm
ARR,D. Casimiro Szlapelis Airport,Argentina,America/Catamarca
ART,Watertown International Airport,United States,America/New_York
ARU,Araçatuba Airport,Brazil,America/Sao_Paulo
ARV,Lakeland-Noble F. Lee Memorial field,United States,America/Chicago
ARW,Arad International Airport,Romania,Europe/Bucharest
ARY,Ararat Airport,Australia,
ASA,Assab International Airport,Eritrea,Africa/Asmera
ASB,Ashgabat International Airport,Turkmenistan,Asia/Ashgabat
ASD,Andros Town Airport,Bahamas,America/Nassau
ASE,Aspen-Pitkin Co/Sardy Field,United States,America/Denver
ASF,Astrakhan Airport,Russia,Europe/Samara
ASH,Boire Field,United States,America/New_York
ASI,RAF Ascension Island,Saint Helena,Atlantic/St_Helena
ASJ,Amami Airport,Japan,Asia/Tokyo
ASK,Yamoussoukro Airport,Cote d'Ivoire,Africa/Abidjan
ASM,Asmara International Airport,Eritrea,Africa/Asmera
ASN,Talladega Municipal Airport,United States,
ASO,Asosa Airport,Ethiopia,Africa/Addis_Ababa
ASP,Alice Springs Airport,Australia,Australia/Darwin
ASR,Kayseri Erkilet Airport,Turkey,Europe/Istanbul
ASS,Arathusa Safari Lodge Airport,South Africa,
AST,Astoria Regional Airport,United States,America/Los_Angeles
ASU,Silvio Pettirossi International Airport,Paraguay,America/Asuncion
ASV,Amboseli Airport,Kenya,Africa/Nairobi
ASW,Aswan International Airport,Egypt,Africa/Cairo
ATA,Comandante FAP German Arias Graziani Airport,Peru,America/Lima
ATB,Atbara Airport,Sudan,Africa/Khartoum
ATC,Arthur's Town Airport,Bahamas,America/Nassau
ATD,Uru Harbour Airport,Solomon Islands,Pacific/Guadalcanal
ATF,Chachoán Airport,Ecuador,America/Guayaquil
ATG,Minhas Air Base,Pakistan,
ATH,Eleftherios Venizelos International Airport,Greece,Europe/Athens
ATI,Artigas International Airport,Uruguay,
ATJ,Antsirabe Airport,Madagascar,Indian/Antananarivo
ATK,Atqasuk Edward Burnell Sr Memorial Airport,United States,America/Anchorage
ATL,Hartsfield Jackson Atlanta International Airport,United States,America/New_York
ATM,Altamira Airport,Brazil,America/Belem
ATO,Ohio University Snyder Field,United States,America/New_York
ATQ,Sri Guru Ram Dass Jee International Airport,India,Asia/Calcutta
ATR,Atar International Airport,Mauritania,Africa/Nouakchott
ATW,Appleton International Airport,United States,America/Chicago
ATY,Watertown Regional Airport,United States,America/Chicago
ATZ,Assiut International Airport,Egypt,Africa/Cairo
AUA,Queen Beatrix International Airport,Aruba,America/Aruba
AUC,Santiago Perez Airport,Colombia,America/Bogota
AUF,Auxerre-Branches Airport,France,Europe/Paris
AUG,Augusta State Airport,United States,America/New_York
AUH,Abu Dhabi International Airport,United Arab Emirates,Asia/Dubai
AUK,Alakanuk Airport,United States,America/Anchorage
AUO,Auburn University Regional Airport,United States,America/Chicago
AUQ,Hiva Oa-Atuona Airport,French Polynesia,Pacific/Marquesas
AUR,Aurillac Airport,France,Europe/Paris
AUS,Austin Bergstrom International Airport,United States,America/Chicago
AUU,Aurukun Airport,Australia,Australia/Brisbane
AUW,Wausau Downtown Airport,United States,America/Chicago
AUX,Araguaína Airport,Brazil,America/Fortaleza
AUY,Aneityum Airport,Vanuatu,Pacific/Efate
AVA,Anshun Huangguoshu Airport,China,Asia/Shanghai
AVB,Aviano Air Base,Italy,Europe/Rome
AVI,Maximo Gomez Airport,Cuba,America/Havana
AVK,Arvaikheer Airport,Mongolia,Asia/Ulaanbaatar
AVL,Asheville Regional Airport,United States,America/New_York
AVN,Avignon-Caumont Airport,France,Europe/Paris
AVO,Avon Park Executive Airport,United States,America/New_York
AVP,Wilkes Barre Scranton International Airport,United States,America/New_York
AVR,Alverca Air Base,Portugal,Europe/Lisbon
AVV,Avalon Airport,Australia,Australia/Hobart
AVW,Marana Regional Airport,United States,America/Phoenix
AVX,Catalina Airport,United States,America/Los_Angeles
AWA,Awassa Airport,Ethiopia,Africa/Addis_Ababa
AWD,Aniwa Airport,Vanuatu,Pacific/Efate
AWK,Wake Island Airfield,Wake Island,Pacific/Johnston
AWZ,Ahwaz Airport,Iran,Asia/Tehran
AXA,Clayton J Lloyd International Airport,Anguilla,America/Anguilla
AXD,Dimokritos Airport,Greece,Europe/Athens
AXF,Alxa Left Banner Bayanhot Airport,China,
AXJ,Amakusa Airport,Japan,Asia/Tokyo
AXK,Ataq Airport,Yemen,Asia/Aden
AXM,El Eden Airport,Colombia,America/Bogota
AXN,Chandler Field,United States,
AXP,Spring Point Airport,Bahamas,America/Nassau
AXR,Arutua Airport,French Polynesia,Pacific/Tahiti
AXT,Akita Airport,Japan,Asia/Tokyo
AXU,Axum Airport,Ethiopia,Africa/Addis_Ababa
AYK,Arkalyk North Airport,Kazakhstan,Asia/Qyzylorda
AYO,Juan De Ayolas Airport,Paraguay,America/Asuncion
AYP,Coronel FAP Alfredo Mendivil Duarte Airport,Peru,America/Lima
AYQ,Ayers Rock Connellan Airport,Australia,Australia/Darwin
AYS,Waycross Ware County Airport,United States,
AYT,Antalya International Airport,Turkey,Europe/Istanbul
AYW,Ayawasi Airport,Indonesia,
AZA,Phoenix-Mesa-Gateway Airport,United States,America/Phoenix
AZD,Shahid Sadooghi Airport,Iran,Asia/Tehran
AZI,Bateen Airport,United Arab Emirates,Asia/Dubai
AZN,Andizhan Airport,Uzbekistan,Asia/Samarkand
AZO,Kalamazoo Battle Creek International Airport,United States,America/New_York
AZR,Touat Cheikh Sidi Mohamed Belkebir Airport,Algeria,Africa/Algiers
AZS,Samaná El Catey International Airport,Dominican Republic,America/Santo_Domingo
BAB,Beale Air Force Base,United States,America/Los_Angeles
BAD,Barksdale Air Force Base,United States,America/Chicago
BAF,Westfield-Barnes Regional Airport,United States,America/New_York
BAG,Loakan Airport,Philippines,Asia/Manila
BAH,Bahrain International Airport,Bahrain,Asia/Bahrain
BAI,Buenos Aires Airport,Costa Rica,America/Costa_Rica
BAL,Batman Airport,Turkey,Europe/Istanbul
BAQ,Ernesto Cortissoz International Airport,Colombia,America/Bogota
BAR,Qionghai Bo'ao Airport,China,
BAS,Ballalae Airport,Solomon Islands,Pacific/Guadalcanal
BAT,Chafei Amsei Airport,Brazil,
BAU,Bauru Airport,Brazil,America/Sao_Paulo
BAV,Baotou Airport,China,Asia/Shanghai
BAX,Barnaul Airport,Russia,Asia/Krasnoyarsk
BAY,Tautii Magheraus Airport,Romania,Europe/Bucharest
BAZ,Barcelos Airport,Brazil,America/Boa_Vista
BBA,Balmaceda Airport,Chile,America/Santiago
BBC,Bay City Municipal Airport,United States,
BBD,Curtis Field,United States,
BBG,Butaritari Atoll Airport,Kiribati,Pacific/Tarawa
BBH,Barth Airport,Germany,Europe/Berlin
BBI,Biju Patnaik Airport,India,Asia/Calcutta
BBJ,Bitburg Airport,Germany,Europe/Berlin
BBK,Kasane Airport,Botswana,Africa/Gaborone
BBL,Ballera Airport,Australia,Australia/Brisbane
BBM,Battambang Airport,Cambodia,Asia/Phnom_Penh
BBN,Bario Airport,Malaysia,Asia/Kuala_Lumpur
BBO,Berbera Airport,Somalia,Africa/Mogadishu
BBP,Bembridge Airport,United Kingdom,Europe/London
BBQ,Codrington Airport,Antigua and Barbuda,America/Antigua
BBR,Baillif Airport,Guadeloupe,America/Guadeloupe
BBS,Blackbushe Airport,United Kingdom,Europe/London
BBT,Berbérati Airport,Central African Republic,Africa/Bangui
BBU,Băneasa International Airport,Romania,Europe/Bucharest
BBX,Wings Field,United States,America/New_York
BCA,Gustavo Rizo Airport,Cuba,America/Havana
BCD,Bacolod-Silay Airport,Philippines,Asia/Manila
BCE,Bryce Canyon Airport,United States,America/Denver
BCH,Cakung Airport,East Timor,Asia/Dili
BCI,Barcaldine Airport,Australia,Australia/Brisbane
BCL,Barra del Colorado Airport,Costa Rica,America/Costa_Rica
BCM,Bacău Airport,Romania,Europe/Bucharest
BCN,Barcelona International Airport,Spain,Europe/Madrid
BCO,Baco Airport,Ethiopia,Africa/Addis_Ababa
BCT,Boca Raton Airport,United States,America/New_York
BCU,Sir Abubakar Tafawa Balewa International Airport,Nigeria,
BDA,L.F. Wade International International Airport,Bermuda,Atlantic/Bermuda
BDB,Bundaberg Airport,Australia,Australia/Brisbane
BDD,Badu Island Airport,Australia,Australia/Brisbane
BDE,Baudette International Airport,United States,America/Chicago
BDH,Bandar Lengeh Airport,Iran,Asia/Tehran
BDI,Bird Island Airport,Seychelles,
BDJ,Syamsudin Noor Airport,Indonesia,Asia/Makassar
BDL,Bradley International Airport,United States,America/New_York
BDM,Bandırma Airport,Turkey,Europe/Istanbul
BDN,Talhar Airport,Pakistan,Asia/Karachi
BDO,Husein Sastranegara International Airport,Indonesia,Asia/Jakarta
BDP,Bhadrapur Airport,Nepal,Asia/Katmandu
BDQ,Vadodara Airport,India,Asia/Calcutta
BDR,Igor I Sikorsky Memorial Airport,United States,America/New_York
BDS,Brindisi – Salento Airport,Italy,Europe/Rome
BDT,Gbadolite Airport,Congo (Kinshasa),Africa/Kinshasa
BDU,Bardufoss Airport,Norway,Europe/Oslo
BEB,Benbecula Airport,United Kingdom,Europe/London
BEC,Beech Factory Airport,United States,America/Chicago
BED,Laurence G Hanscom Field,United States,America/New_York
BEF,Bluefields Airport,Nicaragua,America/Managua
BEG,Belgrade Nikola Tesla Airport,Serbia,Europe/Belgrade
BEI,Beica Airport,Ethiopia,Africa/Addis_Ababa
BEJ,Kalimarau Airport,Indonesia,Asia/Makassar
BEK,Bareilly Air Force Station,India,Asia/Calcutta
BEL,Val de Cans/Júlio Cezar Ribeiro International Airport,Brazil,America/Belem
BEM,Beni Mellal Airport,Morocco,Africa/Casablanca
BEN,Benina International Airport,Libya,Africa/Tripoli
BEO,Lake Macquarie Airport,Australia,Australia/Sydney
BEP,Bellary Airport,India,Asia/Calcutta
BEQ,RAF Honington,United Kingdom,Europe/London
BES,Brest Bretagne Airport,France,Europe/Paris
BET,Bethel Airport,United States,America/Anchorage
BEU,Bedourie Airport,Australia,Australia/Brisbane
BEV,Beersheba (Teyman) Airport,Israel,Asia/Jerusalem
BEW,Beira Airport,Mozambique,Africa/Maputo
BEX,RAF Benson,United Kingdom,Europe/London
BEY,Beirut Rafic Hariri International Airport,Lebanon,Asia/Beirut
BEZ,Beru Airport,Kiribati,Pacific/Tarawa
BFD,Bradford Regional Airport,United States,America/New_York
BFE,Bielefeld Airport,Germany,Europe/Berlin
BFF,Western Neb. Rgnl/William B. Heilig Airport,United States,America/Denver
BFH,Bacacheri Airport,Brazil,America/Sao_Paulo
BFI,Boeing Field King County International Airport,United States,America/Los_Angeles
BFJ,Bijie Feixiong Airport,China,Asia/Shanghai
BFK,Buckley Air Force Base,United States,America/Denver
BFL,Meadows Field,United States,America/Los_Angeles
BFM,Mobile Downtown Airport,United States,America/Chicago
BFN,Bram Fischer International Airport,South Africa,Africa/Johannesburg
BFO,Buffalo Range Airport,Zimbabwe,Africa/Harare
BFP,Beaver County Airport,United States,America/New_York
BFS,Belfast International Airport,United Kingdom,Europe/London
BFT,Beaufort County Airport,United States,America/New_York
BFU,Bengbu Airport,China,
BFV,Buri Ram Airport,Thailand,Asia/Bangkok
BFW,Sidi Bel Abbes Airport,Algeria,Africa/Algiers
BFX,Bafoussam Airport,Cameroon,Africa/Douala
BGA,Palonegro Airport,Colombia,America/Bogota
BGC,Bragança Airport,Portugal,Europe/Lisbon
BGD,Hutchinson County Airport,United States,
BGE,Decatur County Industrial Air Park,United States,America/New_York
BGF,Bangui M'Poko International Airport,Central African Republic,Africa/Bangui
BGG,Bingöl Çeltiksuyu Airport,Turkey,Europe/Istanbul
BGI,Sir Grantley Adams International Airport,Barbados,America/Barbados
BGL,Baglung Airport,Nepal,
BGM,Greater Binghamton/Edwin A Link field,United States,America/New_York
BGN,Belaya Gora Airport,Russia,
BGO,Bergen Airport Flesland,Norway,Europe/Oslo
BGR,Bangor International Airport,United States,America/New_York
BGW,Baghdad International Airport,Iraq,Asia/Baghdad
BGX,Comandante Gustavo Kraemer Airport,Brazil,America/Sao_Paulo
BGY,Il Caravaggio International Airport,Italy,Europe/Rome
BGZ,Braga Municipal Aerodrome,Portugal,Europe/Lisbon
BHB,Hancock County-Bar Harbor Airport,United States,America/New_York
BHD,George Best Belfast City Airport,United Kingdom,Europe/London
BHE,Woodbourne Airport,New Zealand,Pacific/Auckland
BHG,Brus Laguna Airport,Honduras,America/Tegucigalpa
BHH,Bisha Airport,Saudi Arabia,Asia/Riyadh
BHI,Comandante Espora Airport,Argentina,America/Buenos_Aires
BHJ,Bhuj Airport,India,Asia/Calcutta
BHK,Bukhara Airport,Uzbekistan,Asia/Samarkand
BHM,Birmingham-Shuttlesworth International Airport,United States,America/Chicago
BHN,Beihan Airport,Yemen,Asia/Aden
BHO,Raja Bhoj International Airport,India,Asia/Calcutta
BHP,Bhojpur Airport,Nepal,Asia/Katmandu
BHQ,Broken Hill Airport,Australia,Australia/Adelaide
BHR,Bharatpur Airport,Nepal,Asia/Katmandu
BHS,Bathurst Airport,Australia,Australia/Sydney
BHU,Bhavnagar Airport,India,Asia/Calcutta
BHV,Bahawalpur Airport,Pakistan,Asia/Karachi
BHW,Bhagatanwala Airport,Pakistan,Asia/Karachi
BHX,Birmingham International Airport,United Kingdom,Europe/London
BHY,Beihai Airport,China,Asia/Shanghai
BIA,Bastia-Poretta Airport,France,Europe/Paris
BIB,Baidoa Airport,Somalia,
BID,Block Island State Airport,United States,America/New_York
BIF,Biggs Army Air Field (Fort Bliss),United States,America/Denver
BIG,Allen Army Airfield,United States,America/Anchorage
BIH,Eastern Sierra Regional Airport,United States,
BIK,Frans Kaisiepo Airport,Indonesia,Asia/Jayapura
BIL,Billings Logan International Airport,United States,America/Denver
BIM,South Bimini Airport,Bahamas,America/Nassau
BIN,Bamiyan Airport,Afghanistan,Asia/Kabul
BIO,Bilbao Airport,Spain,Europe/Madrid
BIQ,Biarritz-Anglet-Bayonne Airport,France,Europe/Paris
BIR,Biratnagar Airport,Nepal,Asia/Katmandu
BIS,Bismarck Municipal Airport,United States,America/Chicago
BIU,Bildudalur Airport,Iceland,Atlantic/Reykjavik
BIX,Keesler Air Force Base,United States,America/Chicago
BIY,Bisho Airport,South Africa,Africa/Johannesburg
BJA,Soummam Airport,Algeria,Africa/Algiers
BJB,Bojnord Airport,Iran,Asia/Tehran
BJC,Rocky Mountain Metropolitan Airport,United States,America/Denver
BJF,Båtsfjord Airport,Norway,Europe/Oslo
BJH,Bajhang Airport,Nepal,Asia/Katmandu
BJI,Bemidji Regional Airport,United States,America/Chicago
BJL,Banjul International Airport,Gambia,Africa/Banjul
BJM,Bujumbura International Airport,Burundi,Africa/Bujumbura
BJO,Bermejo Airport,Bolivia,America/La_Paz
BJP,Estadual Arthur Siqueira Airport,Brazil,America/Sao_Paulo
BJR,Bahir Dar Airport,Ethiopia,Africa/Addis_Ababa
BJU,Bajura Airport,Nepal,Asia/Katmandu
BJV,Milas Bodrum International Airport,Turkey,Europe/Istanbul
BJW,Bajawa Soa Airport,Indonesia,
BJX,Del Bajío International Airport,Mexico,America/Mexico_City
BJY,Batajnica Air Base,Serbia,
BJZ,Badajoz Airport,Spain,Europe/Madrid
BKA,Bykovo Airport,Russia,Europe/Moscow
BKB,Nal Airport,India,Asia/Calcutta
BKC,Buckland Airport,United States,America/Anchorage
BKD,Stephens County Airport,United States,America/Chicago
BKE,Baker City Municipal Airport,United States,
BKG,Branson Airport,United States,America/Chicago
BKH,Barking Sands Airport,United States,Pacific/Honolulu
BKI,Kota Kinabalu International Airport,Malaysia,Asia/Kuala_Lumpur
BKK,Suvarnabhumi Airport,Thailand,Asia/Bangkok
BKL,Burke Lakefront Airport,United States,America/New_York
BKM,Bakalalan Airport,Malaysia,Asia/Kuala_Lumpur
BKO,Modibo Keita International Airport,Mali,Africa/Bamako
BKQ,Blackall Airport,Australia,Australia/Brisbane
BKS,Fatmawati Soekarno Airport,Indonesia,Asia/Jakarta
BKW,Raleigh County Memorial Airport,United States,America/New_York
BKY,Bukavu Kavumu Airport,Congo (Kinshasa),Africa/Lubumbashi
BKZ,Bukoba Airport,Tanzania,Africa/Dar_es_Salaam
BLA,General José Antonio Anzoategui International Airport,Venezuela,America/Caracas
BLB,Panama Pacific International Airport,Panama,America/Panama
BLE,Borlange Airport,Sweden,Europe/Stockholm
BLF,Mercer County Airport,United States,America/New_York
BLG,Belaga Airport,Malaysia,Asia/Kuala_Lumpur
BLH,Blythe Airport,United States,America/Los_Angeles
BLI,Bellingham International Airport,United States,America/Los_Angeles
BLJ,Batna Airport,Algeria,Africa/Algiers
BLK,Blackpool International Airport,United Kingdom,Europe/London
BLL,Billund Airport,Denmark,Europe/Copenhagen
BLN,Benalla Airport,Australia,
BLQ,Bologna Guglielmo Marconi Airport,Italy,Europe/Rome
BLR,Kempegowda International Airport,India,Asia/Calcutta
BLT,Blackwater Airport,Australia,Australia/Brisbane
BLV,Scott AFB/Midamerica Airport,United States,America/Chicago
BLZ,Chileka International Airport,Malawi,Africa/Blantyre
BMA,Stockholm-Bromma Airport,Sweden,Europe/Stockholm
BMB,Bumbar Airport,Congo (Kinshasa),
BMC,Brigham City Regional Airport,United States,America/Denver
BMD,Belo sur Tsiribihina Airport,Madagascar,Indian/Antananarivo
BME,Broome International Airport,Australia,Australia/Perth
BMG,Monroe County Airport,United States,America/New_York
BMI,Central Illinois Regional Airport at Bloomington-Normal,United States,America/Chicago
BMK,Borkum Airport,Germany,Europe/Berlin
BMM,Bitam Airport,Gabon,Africa/Libreville
BMO,Banmaw Airport,Burma,Asia/Rangoon
BMP,Brampton Island Airport,Australia,Australia/Brisbane
BMR,Baltrum Airport,Germany,
BMT,Beaumont Municipal Airport,United States,America/Chicago
BMU,Muhammad Salahuddin Airport,Indonesia,Asia/Makassar
BMV,Buon Ma Thuot Airport,Vietnam,Asia/Saigon
BMW,Bordj Badji Mokhtar Airport,Algeria,Africa/Algiers
BMX,Big Mountain Airport,United States,America/Anchorage
BMY,Île Art - Waala Airport,New Caledonia,Pacific/Noumea
BNA,Nashville International Airport,United States,America/Chicago
BNB,Boende Airport,Congo (Kinshasa),
BNC,Beni Airport,Congo (Kinshasa),
BND,Bandar Abbas International Airport,Iran,Asia/Tehran
BNE,Brisbane International Airport,Australia,Australia/Brisbane
BNG,Banning Municipal Airport,United States,
BNI,Benin Airport,Nigeria,Africa/Lagos
BNJ,Bonn-Hangelar Airport,Germany,
BNK,Ballina Byron Gateway Airport,Australia,Australia/Sydney
BNM,Bodinumu Airport,Papua New Guinea,
BNN,Brønnøysund Airport,Norway,Europe/Oslo
BNO,Burns Municipal Airport,United States,America/Los_Angeles
BNP,Bannu Airport,Pakistan,Asia/Karachi
BNS,Barinas Airport,Venezuela,America/Caracas
BNU,Blumenau Airport,Brazil,America/Sao_Paulo
BNX,Banja Luka International Airport,Bosnia and Herzegovina,Europe/Sarajevo
BOA,Boma Airport,Congo (Kinshasa),Africa/Kinshasa
BOB,Bora Bora Airport,French Polynesia,Pacific/Tahiti
BOC,Bocas Del Toro International Airport,Panama,America/Panama
BOD,Bordeaux-Mérignac Airport,France,Europe/Paris
BOG,El Dorado International Airport,Colombia,America/Bogota
BOH,Bournemouth Airport,United Kingdom,Europe/London
BOI,Boise Air Terminal/Gowen Field,United States,America/Denver
BOJ,Burgas Airport,Bulgaria,Europe/Sofia
BOM,Chhatrapati Shivaji International Airport,India,Asia/Calcutta
BON,Flamingo International Airport,Netherlands Antilles,America/Curacao
BOO,Bodø Airport,Norway,Europe/Oslo
BOR,Fontaine Airport,France,Europe/Paris
BOS,General Edward Lawrence Logan International Airport,United States,America/New_York
BOU,Bourges Airport,France,Europe/Paris
BOW,Bartow Municipal Airport,United States,America/New_York
BOX,Borroloola Airport,Australia,
BOY,Bobo Dioulasso Airport,Burkina Faso,Africa/Ouagadougou
BPC,Bamenda Airport,Cameroon,Africa/Douala
BPE,Qinhuangdao Beidaihe Airport,Burma,Asia/Shanghai
BPF,Batuna Aerodrome,Solomon Islands,Pacific/Guadalcanal
BPG,Barra do Garças Airport,Brazil,America/Campo_Grande
BPH,Bislig Airport,Philippines,
BPI,Miley Memorial Field,United States,
BPL,Alashankou Bole (Bortala) airport,China,
BPM,Begumpet Airport,India,Asia/Calcutta
BPN,Sultan Aji Muhamad Sulaiman Airport,Indonesia,Asia/Makassar
BPS,Porto Seguro Airport,Brazil,America/Fortaleza
BPT,Southeast Texas Regional Airport,United States,America/Chicago
BPX,Qamdo Bangda Airport,China,Asia/Shanghai
BPY,Besalampy Airport,Madagascar,Indian/Antananarivo
BQA,Dr.Juan C. Angara Airport,Philippines,Asia/Manila
BQB,Busselton Regional Airport,Australia,Australia/Perth
BQE,Bubaque Airport,Guinea-Bissau,
BQG,Bogorodskoye Airport,Russia,
BQH,London Biggin Hill Airport,United Kingdom,Europe/London
BQJ,Batagay Airport,Russia,Asia/Vladivostok
BQK,Brunswick Golden Isles Airport,United States,America/New_York
BQL,Boulia Airport,Australia,Australia/Brisbane
BQN,Rafael Hernandez Airport,Puerto Rico,America/Puerto_Rico
BQS,Ignatyevo Airport,Russia,Asia/Yakutsk
BQT,Brest Airport,Belarus,Europe/Minsk
BQU,J F Mitchell Airport,Saint Vincent and the Grenadines,America/St_Vincent
BRA,Barreiras Airport,Brazil,America/Fortaleza
BRC,San Carlos De Bariloche Airport,Argentina,America/Argentina/Salta
BRD,Brainerd Lakes Regional Airport,United States,America/Chicago
BRE,Bremen Airport,Germany,Europe/Berlin
BRI,Bari Karol Wojtyła Airport,Italy,Europe/Rome
BRK,Bourke Airport,Australia,Australia/Sydney
BRL,Southeast Iowa Regional Airport,United States,America/Chicago
BRM,Barquisimeto International Airport,Venezuela,America/Caracas
BRN,Bern Belp Airport,Switzerland,Europe/Zurich
BRO,Brownsville South Padre Island International Airport,United States,America/Chicago
BRQ,Brno-Tuřany Airport,Czech Republic,Europe/Prague
BRR,Barra Airport,United Kingdom,Europe/London
BRS,Bristol Airport,United Kingdom,Europe/London
BRT,Bathurst Island Airport,Australia,Australia/Darwin
BRU,Brussels Airport,Belgium,Europe/Brussels
BRV,Bremerhaven Airport,Germany,Europe/Berlin
BRW,Wiley Post Will Rogers Memorial Airport,United States,America/Anchorage
BRX,Maria Montez International Airport,Dominican Republic,America/Santo_Domingo
BSA,Bosaso Airport,Somalia,Africa/Mogadishu
BSB,Presidente Juscelino Kubistschek International Airport,Brazil,America/Sao_Paulo
BSC,José Celestino Mutis Airport,Colombia,America/Bogota
BSD,Baoshan Yunduan Airport,China,Asia/Shanghai
BSF,Bradshaw Army Airfield,United States,Pacific/Honolulu
BSG,Bata Airport,Equatorial Guinea,Africa/Malabo
BSJ,Bairnsdale Airport,Australia,Australia/Hobart
BSK,Biskra Airport,Algeria,Africa/Algiers
BSL,EuroAirport Basel-Mulhouse-Freiburg Airport,France,Europe/Paris
BSO,Basco Airport,Philippines,
BSR,Basrah International Airport,Iraq,Asia/Baghdad
BST,Bost Airport,Afghanistan,Asia/Kabul
BSU,Basankusu Airport,Congo (Kinshasa),Africa/Kinshasa
BSX,Pathein Airport,Burma,Asia/Rangoon
BTC,Batticaloa Airport,Sri Lanka,Asia/Colombo
BTE,Sherbro International Airport,Sierra Leone,Africa/Freetown
BTH,Hang Nadim International Airport,Indonesia,Asia/Jakarta
BTI,Barter Island LRRS Airport,United States,America/Anchorage
BTJ,Sultan Iskandar Muda International Airport,Indonesia,Asia/Jakarta
BTK,Bratsk Airport,Russia,Asia/Irkutsk
BTL,W K Kellogg Airport,United States,
BTM,Bert Mooney Airport,United States,America/Denver
BTR,Baton Rouge Metropolitan Airport,United States,America/Chicago
BTS,M. R. Štefánik Airport,Slovakia,Europe/Bratislava
BTT,Bettles Airport,United States,America/Anchorage
BTU,Bintulu Airport,Malaysia,Asia/Kuala_Lumpur
BTV,Burlington International Airport,United States,America/New_York
BTW,Batu Licin Airport,Indonesia,Asia/Makassar
BTZ,Bursa Airport,Turkey,Europe/Istanbul
BUA,Buka Airport,Papua New Guinea,Pacific/Port_Moresby
BUC,Burketown Airport,Australia,Australia/Brisbane
BUD,Budapest Liszt Ferenc International Airport,Hungary,Europe/Budapest
BUF,Buffalo Niagara International Airport,United States,America/New_York
BUG,Benguela Airport,Angola,Africa/Luanda
BUI,Bokondini Airport,Indonesia,Asia/Jayapura
BUJ,Bou Saada Airport,Algeria,Africa/Algiers
BUL,Bulolo Airport,Papua New Guinea,
BUN,Gerardo Tobar López Airport,Colombia,America/Bogota
BUO,Burao Airport,Somalia,Africa/Mogadishu
BUP,Bhatinda Air Force Station,India,Asia/Calcutta
BUQ,Joshua Mqabuko Nkomo International Airport,Zimbabwe,Africa/Harare
BUR,Bob Hope Airport,United States,America/Los_Angeles
BUS,Batumi International Airport,Georgia,Asia/Tbilisi
BUT,Bathpalathang Airport,Bhutan,
BUU,Muara Bungo Airport,Indonesia,
BUW,Betoambari Airport,Indonesia,
BUX,Bunia Airport,Congo (Kinshasa),Africa/Lubumbashi
BUY,Bunbury Airport,Australia,
BUZ,Bushehr Airport,Iran,Asia/Tehran
BVA,Paris Beauvais Tillé Airport,France,Europe/Paris
BVB,Atlas Brasil Cantanhede Airport,Brazil,America/Boa_Vista
BVC,Rabil Airport,Cape Verde,Atlantic/Cape_Verde
BVE,Brive Souillac Airport,France,Europe/Paris
BVG,Berlevåg Airport,Norway,Europe/Oslo
BVH,Brigadeiro Camarão Airport,Brazil,America/Boa_Vista
BVI,Birdsville Airport,Australia,Australia/Brisbane
BVS,Breves Airport,Brazil,America/Belem
BVY,Beverly Municipal Airport,United States,America/New_York
BWA,Gautam Buddha Airport,Nepal,Asia/Katmandu
BWB,Barrow Island Airport,Australia,Australia/Perth
BWE,Braunschweig-Wolfsburg Airport,Germany,Europe/Berlin
BWF,Barrow Walney Island Airport,United Kingdom,Europe/London
BWG,Bowling Green Warren County Regional Airport,United States,America/Chicago
BWH,Butterworth Airport,Malaysia,Asia/Kuala_Lumpur
BWI,Baltimore/Washington International Thurgood Marshall Airport,United States,America/New_York
BWK,Bol Airport,Croatia,Europe/Zagreb
BWN,Brunei International Airport,Brunei,Asia/Brunei
BWO,Balakovo Airport,Russia,Europe/Moscow
BWQ,Brewarrina Airport,Australia,
BWT,Wynyard Airport,Australia,Australia/Melbourne
BWU,Sydney Bankstown Airport,Australia,Australia/Sydney
BWW,Las Brujas Airport,Cuba,
BWX,Blimbingsari Airport,Indonesia,
BXB,Babo Airport,Indonesia,Asia/Jayapura
BXE,Bakel Airport,Senegal,Africa/Dakar
BXG,Bendigo Airport,Australia,Australia/Hobart
BXH,Balkhash Airport,Kazakhstan,Asia/Qyzylorda
BXK,Buckeye Municipal Airport,United States,America/Phoenix
BXN,Imsık Airport,Turkey,Europe/Istanbul
BXO,Buochs Airport,Switzerland,Europe/Zurich
BXP,Biała Podlaska Airfield,Poland,
BXR,Bam Airport,Iran,Asia/Tehran
BXU,Bancasi Airport,Philippines,Asia/Manila
BXY,Krainiy Airport,Kazakhstan,Asia/Qyzylorda
BYC,Yacuiba Airport,Bolivia,America/La_Paz
BYF,Albert-Bray Airport,France,Europe/Paris
BYH,Arkansas International Airport,United States,America/Chicago
BYI,Burley Municipal Airport,United States,
BYJ,Beja Airport / Airbase,Portugal,Europe/Lisbon
BYK,Bouaké Airport,Cote d'Ivoire,Africa/Abidjan
BYM,Carlos Manuel de Cespedes Airport,Cuba,America/Havana
BYN,Bayankhongor Airport,Mongolia,Asia/Ulaanbaatar
BYO,Bonito Airport,Brazil,America/Campo_Grande
BYP,Barimunya Airport,Australia,
BYQ,Bunyu Airport,Indonesia,
BYR,Læsø Airport,Denmark,Europe/Copenhagen
BYS,Bicycle Lake Army Air Field,United States,America/Los_Angeles
BYT,Bantry Aerodrome,Ireland,Europe/Dublin
BYU,Bayreuth Airport,Germany,Europe/Berlin
BZA,San Pedro Airport,Nicaragua,America/Managua
BZC,Umberto Modiano Airport,Brazil,
BZD,Balranald Airport,Australia,
BZE,Philip S. W. Goldson International Airport,Belize,America/Belize
BZG,Bydgoszcz Ignacy Jan Paderewski Airport,Poland,Europe/Warsaw
BZH,Bumi Airport,Zimbabwe,Africa/Harare
BZI,Balıkesir Merkez Airport,Turkey,Europe/Istanbul
BZK,Bryansk Airport,Russia,Europe/Moscow
BZL,Barisal Airport,Bangladesh,Asia/Dhaka
BZN,Gallatin Field,United States,America/Denver
BZO,Bolzano Airport,Italy,Europe/Rome
BZR,Béziers-Vias Airport,France,Europe/Paris
BZU,Buta Zega Airport,Congo (Kinshasa),Africa/Lubumbashi
BZV,Maya-Maya Airport,Congo (Brazzaville),Africa/Brazzaville
BZY,Bălți International Airport,Moldova,Europe/Chisinau
BZZ,RAF Brize Norton,United Kingdom,Europe/London
CAB,Cabinda Airport,Angola,Africa/Luanda
CAC,Cascavel Airport,Brazil,America/Sao_Paulo
CAE,Columbia Metropolitan Airport,United States,America/New_York
CAF,Carauari Airport,Brazil,America/Boa_Vista
CAG,Cagliari Elmas Airport,Italy,Europe/Rome
CAH,Cà Mau Airport,Vietnam,Asia/Saigon
CAI,Cairo International Airport,Egypt,Africa/Cairo
CAJ,Canaima Airport,Venezuela,America/Caracas
CAK,Akron Canton Regional Airport,United States,America/New_York
CAL,Campbeltown Airport,United Kingdom,Europe/London
CAN,Guangzhou Baiyun International Airport,China,Asia/Shanghai
CAP,Cap Haitien International Airport,Haiti,America/Port-au-Prince
CAQ,Juan H White Airport,Colombia,America/Bogota
CAR,Caribou Municipal Airport,United States,America/New_York
CAT,Cascais Airport,Portugal,Europe/Lisbon
CAU,Caruaru Airport,Brazil,America/Fortaleza
CAW,Bartolomeu Lisandro Airport,Brazil,America/Sao_Paulo
CAX,Carlisle Airport,United Kingdom,Europe/London
CAY,Cayenne-Rochambeau Airport,French Guiana,America/Cayenne
CAZ,Cobar Airport,Australia,Australia/Sydney
CBB,Jorge Wilsterman International Airport,Bolivia,America/La_Paz
CBD,Car Nicobar Air Force Station,India,Asia/Calcutta
CBE,Greater Cumberland Regional Airport,United States,America/New_York
CBF,Council Bluffs Municipal Airport,United States,
CBG,Cambridge Airport,United Kingdom,Europe/London
CBH,Béchar Boudghene Ben Ali Lotfi Airport,Algeria,Africa/Algiers
CBJ,Cabo Rojo Airport,Dominican Republic,America/Santo_Domingo
CBL,"Aeropuerto ""General Tomas de Heres"". Ciudad Bolivar",Venezuela,America/Caracas
CBM,Columbus Air Force Base,United States,America/Chicago
CBN,Penggung Airport,Indonesia,Asia/Jakarta
CBO,Awang Airport,Philippines,Asia/Manila
CBQ,Margaret Ekpo International Airport,Nigeria,Africa/Lagos
CBR,Canberra International Airport,Australia,Australia/Sydney
CBT,Catumbela Airport,Angola,Africa/Luanda
CBU,Cottbus-Drewitz Airport,Germany,Europe/Berlin
CBV,Coban Airport,Guatemala,America/Guatemala
CCA,Chimore Airport,Bolivia,America/La_Paz
CCB,Cable Airport,United States,
CCC,Jardines Del Rey Airport,Cuba,America/Havana
CCF,Carcassonne Airport,France,Europe/Paris
CCH,Chile Chico Airport,Chile,America/Santiago
CCI,Concórdia Airport,Brazil,America/Sao_Paulo
CCJ,Calicut International Airport,India,Asia/Calcutta
CCK,Cocos (Keeling) Islands Airport,Cocos (Keeling) Islands,Indian/Cocos
CCL,Chinchilla Airport,Australia,Australia/Brisbane
CCM,Diomício Freitas Airport,Brazil,America/Sao_Paulo
CCN,Chakcharan Airport,Afghanistan,Asia/Kabul
CCP,Carriel Sur Airport,Chile,America/Santiago
CCR,Buchanan Field,United States,America/Los_Angeles
CCS,Simón Bolívar International Airport,Venezuela,America/Caracas
CCU,Netaji Subhash Chandra Bose International Airport,India,Asia/Calcutta
CCV,Craig Cove Airport,Vanuatu,Pacific/Efate
CCX,Cáceres Airport,Brazil,
CCY,Northeast Iowa Regional Airport,United States,
CCZ,Chub Cay Airport,Bahamas,America/Nassau
CDA,Cooinda Airport,Australia,Australia/Darwin
CDB,Cold Bay Airport,United States,America/Anchorage
CDC,Cedar City Regional Airport,United States,America/Denver
CDE,Chengde Puning Airport,China,
CDG,Charles de Gaulle International Airport,France,Europe/Paris
CDJ,Conceição do Araguaia Airport,Brazil,America/Belem
CDN,Woodward Field,United States,America/New_York
CDP,Kadapa Airport,India,Asia/Calcutta
CDR,Chadron Municipal Airport,United States,America/Denver
CDS,Childress Municipal Airport,United States,America/Chicago
CDT,Castellón-Costa Azahar Airport,Spain,
CDU,Camden Airport,Australia,Australia/Sydney
CDV,Merle K (Mudhole) Smith Airport,United States,America/Anchorage
CDW,Essex County Airport,United States,America/New_York
CEB,Mactan Cebu International Airport,Philippines,Asia/Manila
CEC,Jack Mc Namara Field Airport,United States,America/Los_Angeles
CED,Ceduna Airport,Australia,Australia/Adelaide
CEE,Cherepovets Airport,Russia,Europe/Moscow
CEF,Westover ARB/Metropolitan Airport,United States,America/New_York
CEG,Hawarden Airport,United Kingdom,Europe/London
CEI,Chiang Rai International Airport,Thailand,Asia/Bangkok
CEJ,Chernihiv Shestovitsa Airport,Ukraine,Europe/Kiev
CEK,Chelyabinsk Balandino Airport,Russia,Asia/Yekaterinburg
CEM,Central Airport,United States,America/Anchorage
CEN,Ciudad Obregón International Airport,Mexico,America/Hermosillo
CEQ,Cannes-Mandelieu Airport,France,Europe/Paris
CER,Cherbourg-Maupertus Airport,France,Europe/Paris
CES,Cessnock Airport,Australia,Australia/Sydney
CET,Cholet Le Pontreau Airport,France,Europe/Paris
CEU,Oconee County Regional Airport,United States,America/New_York
CEW,Bob Sikes Airport,United States,America/Chicago
CEZ,Cortez Municipal Airport,United States,America/Denver
CFB,Cabo Frio Airport,Brazil,America/Sao_Paulo
CFC,Caçador Airport,Brazil,America/Sao_Paulo
CFD,Coulter Field,United States,America/Chicago
CFE,Clermont-Ferrand Auvergne Airport,France,Europe/Paris
CFG,Jaime Gonzalez Airport,Cuba,America/Havana
CFK,Ech Cheliff Airport,Algeria,Africa/Algiers
CFN,Donegal Airport,Ireland,Europe/Dublin
CFO,Confresa Airport,Brazil,America/Campo_Grande
CFR,Caen-Carpiquet Airport,France,Europe/Paris
CFS,Coffs Harbour Airport,Australia,Australia/Sydney
CFU,Ioannis Kapodistrias International Airport,Greece,Europe/Athens
CFV,Coffeyville Municipal Airport,United States,
CGB,Marechal Rondon Airport,Brazil,America/Campo_Grande
CGD,Changde Airport,China,Asia/Shanghai
CGF,Cuyahoga County Airport,United States,America/New_York
CGH,Congonhas Airport,Brazil,America/Sao_Paulo
CGI,Cape Girardeau Regional Airport,United States,America/Chicago
CGJ,Kasompe Airport,Zambia,Africa/Lusaka
CGK,Soekarno-Hatta International Airport,Indonesia,Asia/Jakarta
CGM,Camiguin Airport,Philippines,Asia/Manila
CGN,Cologne Bonn Airport,Germany,Europe/Berlin
CGO,Zhengzhou Xinzheng International Airport,China,Asia/Shanghai
CGP,Shah Amanat International Airport,Bangladesh,Asia/Dhaka
CGQ,Longjia Airport,China,Asia/Shanghai
CGR,Campo Grande Airport,Brazil,America/Campo_Grande
CGX,Chicago Meigs Airport,United States,America/Chicago
CGY,Laguindingan Airport,Philippines,
CGZ,Casa Grande Municipal Airport,United States,America/Phoenix
CHA,Lovell Field,United States,America/New_York
CHC,Christchurch International Airport,New Zealand,Pacific/Auckland
CHF,Jinhae Airbase/Airport (G-813/K-10),South Korea,Asia/Seoul
CHG,Chaoyang Airport,China,Asia/Shanghai
CHH,Chachapoyas Airport,Peru,America/Lima
CHM,Teniente FAP Jaime A De Montreuil Morales Airport,Peru,America/Lima
CHN,Jeon Ju Airport (G-703),South Korea,Asia/Seoul
CHO,Charlottesville Albemarle Airport,United States,America/New_York
CHQ,Chania International Airport,Greece,Europe/Athens
CHR,"Châteauroux-Déols ""Marcel Dassault"" Airport",France,Europe/Paris
CHS,Charleston Air Force Base-International Airport,United States,America/New_York
CHT,Chatham Islands-Tuuta Airport,New Zealand,Pacific/Chatham
CHU,Chuathbaluk Airport,United States,America/Anchorage
CHX,Cap Manuel Niño International Airport,Panama,America/Panama
CHY,Choiseul Bay Airport,Solomon Islands,Pacific/Guadalcanal
CIA,Ciampino–G. B. Pastine International Airport,Italy,Europe/Rome
CIC,Chico Municipal Airport,United States,America/Los_Angeles
CID,The Eastern Iowa Airport,United States,America/Chicago
CIF,Chifeng Airport,China,Asia/Shanghai
CIH,Changzhi Airport,China,Asia/Shanghai
CIJ,Capitán Aníbal Arab Airport,Bolivia,America/La_Paz
CIK,Chalkyitsik Airport,United States,America/Anchorage
CIO,Teniente Col Carmelo Peralta Airport,Paraguay,America/Asuncion
CIP,Chipata Airport,Zambia,Africa/Lusaka
CIS,Canton Island Airport,Kiribati,Pacific/Enderbury
CIT,Shymkent Airport,Kazakhstan,Asia/Qyzylorda
CIU,Chippewa County International Airport,United States,America/New_York
CIW,Canouan Airport,Saint Vincent and the Grenadines,America/St_Vincent
CIX,Capitan FAP Jose A Quinones Gonzales International Airport,Peru,America/Lima
CIY,Comiso Airport,Italy,Europe/Rome
CIZ,Coari Airport,Brazil,America/Boa_Vista
CJA,Mayor General FAP Armando Revoredo Iglesias Airport,Peru,America/Lima
CJB,Coimbatore International Airport,India,Asia/Calcutta
CJC,El Loa Airport,Chile,America/Santiago
CJF,Coondewanna Airport,Australia,
CJJ,Cheongju International Airport/Cheongju Air Base (K-59/G-513),South Korea,Asia/Seoul
CJL,Chitral Airport,Pakistan,Asia/Karachi
CJM,Chumphon Airport,Thailand,Asia/Bangkok
CJN,Nusawiru Airport,Indonesia,Asia/Jakarta
CJS,Abraham González International Airport,Mexico,America/Mazatlan
CJU,Jeju International Airport,South Korea,Asia/Seoul
CKB,North Central West Virginia Airport,United States,America/New_York
CKC,Cherkasy International Airport,Ukraine,Europe/Kiev
CKG,Chongqing Jiangbei International Airport,China,Asia/Shanghai
CKH,Chokurdakh Airport,Russia,Asia/Srednekolymsk
CKI,Croker Island Airport,Australia,
CKL,Chkalovskiy Air Base,Russia,Europe/Moscow
CKS,Carajás Airport,Brazil,America/Belem
CKT,Sarakhs Airport,Iran,Asia/Tehran
CKV,Clarksville–Montgomery County Regional Airport,United States,America/Chicago
CKY,Conakry International Airport,Guinea,Africa/Conakry
CKZ,Çanakkale Airport,Turkey,Europe/Istanbul
CLD,Mc Clellan-Palomar Airport,United States,America/Los_Angeles
CLE,Cleveland Hopkins International Airport,United States,America/New_York
CLJ,Cluj-Napoca International Airport,Romania,Europe/Bucharest
CLL,Easterwood Field,United States,America/Chicago
CLM,William R Fairchild International Airport,United States,America/Los_Angeles
CLN,Brig. Lysias Augusto Rodrigues Airport,Brazil,America/Fortaleza
CLO,Alfonso Bonilla Aragon International Airport,Colombia,America/Bogota
CLP,Clarks Point Airport,United States,
CLQ,Licenciado Miguel de la Madrid Airport,Mexico,America/Mexico_City
CLS,Chehalis Centralia Airport,United States,America/Los_Angeles
CLT,Charlotte Douglas International Airport,United States,America/New_York
CLU,Columbus Municipal Airport,United States,
CLV,Nelson Ribeiro Guimarães Airport,Brazil,America/Sao_Paulo
CLW,Clearwater Air Park,United States,America/New_York
CLY,Calvi-Sainte-Catherine Airport,France,Europe/Paris
CLZ,Calabozo Airport,Venezuela,America/Caracas
CMA,Cunnamulla Airport,Australia,Australia/Brisbane
CMB,Bandaranaike International Colombo Airport,Sri Lanka,Asia/Colombo
CMD,Cootamundra Airport,Australia,
CME,Ciudad del Carmen International Airport,Mexico,America/Mexico_City
CMF,Chambéry-Savoie Airport,France,Europe/Paris
CMG,Corumbá International Airport,Brazil,America/Campo_Grande
CMH,John Glenn Columbus International Airport,United States,America/New_York
CMI,University of Illinois Willard Airport,United States,America/Chicago
CMJ,Chi Mei Airport,Taiwan,Asia/Taipei
CMK,Club Makokola Airport,Malawi,Africa/Blantyre
CMN,Mohammed V International Airport,Morocco,Africa/Casablanca
CMP,Santana do Araguaia Airport,Brazil,America/Belem
CMQ,Clermont Airport,Australia,
CMR,Colmar-Houssen Airport,France,Europe/Paris
CMU,Chimbu Airport,Papua New Guinea,Pacific/Port_Moresby
CMW,Ignacio Agramonte International Airport,Cuba,America/Havana
CMX,Houghton County Memorial Airport,United States,America/New_York
CNB,Coonamble Airport,Australia,Australia/Sydney
CNC,Coconut Island Airport,Australia,Australia/Brisbane
CND,Mihail Kogălniceanu International Airport,Romania,Europe/Bucharest
CNF,Tancredo Neves International Airport,Brazil,America/Sao_Paulo
CNG,Cognac-Châteaubernard (BA 709) Air Base,France,Europe/Paris
CNI,Changhai Airport,China,Asia/Shanghai
CNJ,Cloncurry Airport,Australia,Australia/Brisbane
CNL,Sindal Airport,Denmark,Europe/Copenhagen
CNM,Cavern City Air Terminal,United States,America/Denver
CNN,Kannur International Airport,India,
CNO,Chino Airport,United States,
CNP,Neerlerit Inaat Airport,Greenland,America/Scoresbysund
CNQ,Corrientes Airport,Argentina,America/Cordoba
CNR,Chañaral Airport,Chile,
CNS,Cairns International Airport,Australia,Australia/Brisbane
CNU,Chanute Martin Johnson Airport,United States,
CNW,TSTC Waco Airport,United States,America/Chicago
CNX,Chiang Mai International Airport,Thailand,Asia/Bangkok
CNY,Canyonlands Field,United States,America/Denver
COC,Comodoro Pierrestegui Airport,Argentina,America/Cordoba
COD,Yellowstone Regional Airport,United States,America/Denver
COE,Coeur D'Alene - Pappy Boyington Field,United States,America/Los_Angeles
COF,Patrick Air Force Base,United States,America/New_York
COG,Mandinga Airport,Colombia,America/Bogota
COH,Cooch Behar Airport,India,Asia/Calcutta
COJ,Coonabarabran Airport,Australia,Australia/Sydney
COK,Cochin International Airport,India,Asia/Calcutta
CON,Concord Municipal Airport,United States,America/New_York
COO,Cadjehoun Airport,Benin,Africa/Porto-Novo
COQ,Choibalsan Airport,Mongolia,Asia/Ulaanbaatar
COR,Ingeniero Ambrosio Taravella Airport,Argentina,America/Cordoba
COS,City of Colorado Springs Municipal Airport,United States,America/Denver
COT,Cotulla-La Salle County Airport,United States,America/Chicago
COU,Columbia Regional Airport,United States,America/Chicago
COX,Congo Town Airport,Bahamas,America/Nassau
COZ,Constanza - Expedición 14 de Junio National Airport,Dominican Republic,America/Santo_Domingo
CPA,Cape Palmas Airport,Liberia,Africa/Monrovia
CPB,Capurganá Airport,Colombia,America/Bogota
CPC,Aviador C. Campos Airport,Argentina,America/Argentina/Salta
CPD,Coober Pedy Airport,Australia,Australia/Adelaide
CPE,Ingeniero Alberto Acuña Ongay International Airport,Mexico,America/Mexico_City
CPH,Copenhagen Kastrup Airport,Denmark,Europe/Copenhagen
CPO,Desierto de Atacama Airport,Chile,
CPQ,Amarais Airport,Brazil,America/Sao_Paulo
CPR,Casper-Natrona County International Airport,United States,America/Denver
CPT,Cape Town International Airport,South Africa,Africa/Johannesburg
CPV,Presidente João Suassuna Airport,Brazil,America/Fortaleza
CPX,Benjamin Rivera Noriega Airport,Puerto Rico,America/Puerto_Rico
CQA,Canarana Airport,Brazil,
CQD,Shahrekord Airport,Iran,Asia/Tehran
CQF,Calais-Dunkerque Airport,France,Europe/Paris
CQM,Ciudad Real Central Airport,Spain,Europe/Madrid
CQS,Costa Marques Airport,Brazil,
CRA,Craiova Airport,Romania,Europe/Bucharest
CRC,Santa Ana Airport,Colombia,America/Bogota
CRD,General E. Mosconi Airport,Argentina,America/Catamarca
CRE,Grand Strand Airport,United States,America/New_York
CRG,Jacksonville Executive at Craig Airport,United States,
CRI,Colonel Hill Airport,Bahamas,America/Nassau
CRK,Diosdado Macapagal International Airport,Philippines,Asia/Manila
CRL,Brussels South Charleroi Airport,Belgium,Europe/Brussels
CRM,Catarman National Airport,Philippines,Asia/Manila
CRP,Corpus Christi International Airport,United States,America/Chicago
CRQ,Caravelas Airport,Brazil,America/Fortaleza
CRV,Crotone Airport,Italy,Europe/Rome
CRW,Yeager Airport,United States,America/New_York
CRZ,Turkmenabat Airport,Turkmenistan,Asia/Ashgabat
CSA,Colonsay Airstrip,United Kingdom,Europe/London
CSB,Caransebeş Airport,Romania,Europe/Bucharest
CSF,Creil Air Base,France,Europe/Paris
CSG,Columbus Metropolitan Airport,United States,America/New_York
CSH,Solovki Airport,Russia,Europe/Moscow
CSK,Cap Skirring Airport,Senegal,Africa/Dakar
CSM,Clinton Sherman Airport,United States,America/Chicago
CSO,Cochstedt Airport,Germany,Europe/Berlin
CSV,Crossville Memorial Whitson Field,United States,
CSX,Changsha Huanghua International Airport,China,Asia/Shanghai
CSY,Cheboksary Airport,Russia,Europe/Moscow
CSZ,Brigadier D.H.E. Ruiz Airport,Argentina,America/Buenos_Aires
CTA,Catania-Fontanarossa Airport,Italy,Europe/Rome
CTB,Cut Bank International Airport,United States,America/Denver
CTC,Catamarca Airport,Argentina,America/Catamarca
CTD,Alonso Valderrama Airport,Panama,America/Panama
CTG,Rafael Nuñez International Airport,Colombia,America/Bogota
CTH,Chester County G O Carlson Airport,United States,America/New_York
CTL,Charleville Airport,Australia,Australia/Brisbane
CTM,Chetumal International Airport,Mexico,America/Cancun
CTN,Cooktown Airport,Australia,Australia/Brisbane
CTS,New Chitose Airport,Japan,Asia/Tokyo
CTT,Le Castellet Airport,France,Europe/Paris
CTU,Chengdu Shuangliu International Airport,China,Asia/Shanghai
CTY,Cross City Airport,United States,America/New_York
CUA,Ciudad Constitución Airport,Mexico,America/Mazatlan
CUB,Jim Hamilton L.B. Owens Airport,United States,
CUC,Camilo Daza International Airport,Colombia,America/Bogota
CUD,Caloundra Airport,Australia,
CUE,Mariscal Lamar Airport,Ecuador,America/Guayaquil
CUF,Cuneo International Airport,Italy,Europe/Rome
CUH,Cushing Municipal Airport,United States,America/Chicago
CUL,Bachigualato Federal International Airport,Mexico,America/Mazatlan
CUM,Cumaná (Antonio José de Sucre) Airport,Venezuela,America/Caracas
CUN,Cancún International Airport,Mexico,America/Cancun
CUP,General Francisco Bermúdez Airport,Venezuela,America/Caracas
CUQ,Coen Airport,Australia,Australia/Brisbane
CUR,Hato International Airport,Netherlands Antilles,America/Curacao
CUT,Cutral-Co Airport,Argentina,America/Argentina/Salta
CUU,General Roberto Fierro Villalobos International Airport,Mexico,America/Mazatlan
CUZ,Alejandro Velasco Astete International Airport,Peru,America/Lima
CVC,Cleve Airport,Australia,
CVE,Coveñas Airport,Colombia,
CVF,Courchevel Airport,France,Europe/Paris
CVG,Cincinnati Northern Kentucky International Airport,United States,America/New_York
CVJ,General Mariano Matamoros Airport,Mexico,America/Mexico_City
CVM,General Pedro Jose Mendez International Airport,Mexico,America/Mexico_City
CVN,Clovis Municipal Airport,United States,America/Denver
CVO,Corvallis Municipal Airport,United States,America/Los_Angeles
CVQ,Carnarvon Airport,Australia,Australia/Perth
CVS,Cannon Air Force Base,United States,America/Denver
CVT,Coventry Airport,United Kingdom,Europe/London
CVU,Corvo Airport,Portugal,Atlantic/Azores
CWA,Central Wisconsin Airport,United States,America/Chicago
CWB,Afonso Pena Airport,Brazil,America/Sao_Paulo
CWC,Chernivtsi International Airport,Ukraine,Europe/Kiev
CWE,Cairo West Airport,Egypt,Africa/Cairo
CWI,Clinton Municipal Airport,United States,America/Chicago
CWJ,Cangyuan Washan Airport,China,
CWL,Cardiff International Airport,United Kingdom,Europe/London
CWT,Cowra Airport,Australia,Australia/Sydney
CWW,Corowa Airport,Australia,
CXA,Caicara del Orinoco Airport,Venezuela,America/Caracas
CXB,Cox's Bazar Airport,Bangladesh,Asia/Dhaka
CXH,Vancouver Harbour Water Aerodrome,Canada,America/Vancouver
CXI,Cassidy International Airport,Kiribati,
CXJ,Hugo Cantergiani Regional Airport,Brazil,America/Sao_Paulo
CXL,Calexico International Airport,United States,America/Los_Angeles
CXO,Conroe-North Houston Regional Airport,United States,America/Chicago
CXP,Tunggul Wulung Airport,Indonesia,Asia/Jakarta
CXR,Cam Ranh Airport,Vietnam,Asia/Saigon
CYA,Les Cayes Airport,Haiti,America/Port-au-Prince
CYB,Gerrard Smith International Airport,Cayman Islands,America/Cayman
CYF,Chefornak Airport,United States,America/Anchorage
CYG,Corryong Airport,Australia,
CYI,Chiayi Airport,Taiwan,Asia/Taipei
CYO,Vilo Acuña International Airport,Cuba,America/Havana
CYP,Calbayog Airport,Philippines,Asia/Manila
CYR,Laguna de Los Patos International Airport,Uruguay,America/Montevideo
CYS,Cheyenne Regional Jerry Olson Field,United States,America/Denver
CYT,Yakataga Airport,United States,America/Anchorage
CYU,Cuyo Airport,Philippines,Asia/Manila
CYW,Captain Rogelio Castillo National Airport,Mexico,America/Mexico_City
CYX,Cherskiy Airport,Russia,Asia/Srednekolymsk
CYZ,Cauayan Airport,Philippines,Asia/Manila
CZA,Chichen Itza International Airport,Mexico,America/Mexico_City
CZE,José Leonardo Chirinos Airport,Venezuela,America/Caracas
CZF,Cape Romanzof LRRS Airport,United States,America/Anchorage
CZL,Mohamed Boudiaf International Airport,Algeria,Africa/Algiers
CZM,Cozumel International Airport,Mexico,America/Cancun
CZS,Cruzeiro do Sul Airport,Brazil,America/Rio_Branco
CZU,Las Brujas Airport,Colombia,America/Bogota
CZX,Changzhou Benniu Airport,China,Asia/Shanghai
DAA,Davison Army Air Field,United States,
DAB,Daytona Beach International Airport,United States,America/New_York
DAC,Hazrat Shahjalal International Airport,Bangladesh,Asia/Dhaka
DAD,Da Nang International Airport,Vietnam,Asia/Saigon
DAG,Barstow Daggett Airport,United States,
DAL,Dallas Love Field,United States,America/Chicago
DAM,Damascus International Airport,Syria,Asia/Damascus
DAN,Danville Regional Airport,United States,America/New_York
DAR,Julius Nyerere International Airport,Tanzania,Africa/Dar_es_Salaam
DAT,Datong Airport,China,Asia/Shanghai
DAU,Daru Airport,Papua New Guinea,Pacific/Port_Moresby
DAV,Enrique Malek International Airport,Panama,America/Panama
DAX,Dachuan Airport,China,Asia/Shanghai
DAY,James M Cox Dayton International Airport,United States,America/New_York
DBA,Dalbandin Airport,Pakistan,Asia/Karachi
DBB,El Alamein International Airport,Egypt,Africa/Cairo
DBC,Baicheng Chang'an Airport,China,
DBD,Dhanbad Airport,India,Asia/Calcutta
DBM,Debra Marcos Airport,Ethiopia,Africa/Addis_Ababa
DBN,W H 'Bud' Barron Airport,United States,America/New_York
DBO,Dubbo City Regional Airport,Australia,Australia/Sydney
DBQ,Dubuque Regional Airport,United States,America/Chicago
DBT,Debre Tabor Airport,Ethiopia,Africa/Addis_Ababa
DBV,Dubrovnik Airport,Croatia,Europe/Zagreb
DCA,Ronald Reagan Washington National Airport,United States,America/New_York
DCF,Canefield Airport,Dominica,America/Dominica
DCI,Decimomannu Air Base,Italy,Europe/Rome
DCM,Castres-Mazamet Airport,France,Europe/Paris
DCN,RAAF Base Curtin,Australia,
DCT,Duncan Town Airport,Bahamas,America/Nassau
DCU,Pryor Field Regional Airport,United States,
DCY,Daocheng Yading Airport,China,Asia/Shanghai
DDC,Dodge City Regional Airport,United States,America/Chicago
DDG,Dandong Airport,China,Asia/Shanghai
DEA,Dera Ghazi Khan Airport,Pakistan,Asia/Karachi
DEB,Debrecen International Airport,Hungary,Europe/Budapest
DEC,Decatur Airport,United States,America/Chicago
DED,Dehradun Airport,India,Asia/Calcutta
DEE,Mendeleyevo Airport,Russia,
DEF,Dezful Airport,Iran,Asia/Tehran
DEL,Indira Gandhi International Airport,India,Asia/Calcutta
DEM,Dembidollo Airport,Ethiopia,Africa/Addis_Ababa
DEN,Denver International Airport,United States,America/Denver
DES,Desroches Airport,Seychelles,Indian/Mahe
DET,Coleman A. Young Municipal Airport,United States,America/New_York
DEX,Nop Goliat Airport,Indonesia,
DEZ,Deir ez-Zor Air Base,Syria,Asia/Damascus
DFW,Dallas Fort Worth International Airport,United States,America/Chicago
DGE,Mudgee Airport,Australia,Australia/Sydney
DGL,Douglas Municipal Airport,United States,America/Phoenix
DGO,General Guadalupe Victoria International Airport,Mexico,America/Mexico_City
DGP,Daugavpils Intrenational Airport,Latvia,
DGT,Sibulan Airport,Philippines,Asia/Manila
DHA,King Abdulaziz Air Base,Saudi Arabia,Asia/Riyadh
DHF,Al Dhafra Air Base,United Arab Emirates,Asia/Dubai
DHI,Dhangarhi Airport,Nepal,Asia/Katmandu
DHM,Kangra Airport,India,Asia/Calcutta
DHN,Dothan Regional Airport,United States,America/Chicago
DHR,De Kooy Airport,Netherlands,Europe/Amsterdam
DHT,Dalhart Municipal Airport,United States,America/Chicago
DIA,Doha International Airport,Qatar,Asia/Qatar
DIB,Dibrugarh Airport,India,Asia/Calcutta
DIE,Arrachart Airport,Madagascar,Indian/Antananarivo
DIG,Diqing Airport,China,Asia/Shanghai
DIJ,Dijon-Bourgogne Airport,France,Europe/Paris
DIK,Dickinson Theodore Roosevelt Regional Airport,United States,America/Denver
DIL,Presidente Nicolau Lobato International Airport,East Timor,Asia/Dili
DIN,Dien Bien Phu Airport,Vietnam,Asia/Saigon
DIQ,Brigadeiro Cabral Airport,Brazil,
DIR,Aba Tenna Dejazmach Yilma International Airport,Ethiopia,Africa/Addis_Ababa
DIS,Ngot Nzoungou Airport,Congo (Brazzaville),Africa/Brazzaville
DIU,Diu Airport,India,Asia/Calcutta
DIY,Diyarbakir Airport,Turkey,Europe/Istanbul
DJB,Sultan Thaha Airport,Indonesia,Asia/Jakarta
DJE,Djerba Zarzis International Airport,Tunisia,Africa/Tunis
DJG,Djanet Inedbirene Airport,Algeria,Africa/Algiers
DJJ,Sentani International Airport,Indonesia,Asia/Jayapura
DJO,Daloa Airport,Cote d'Ivoire,Africa/Abidjan
DKI,Dunk Island Airport,Australia,Australia/Brisbane
DKK,Chautauqua County-Dunkirk Airport,United States,America/New_York
DKR,Léopold Sédar Senghor International Airport,Senegal,Africa/Dakar
DKS,Dikson Airport,Russia,Asia/Krasnoyarsk
DKV,Docker River Airport,Australia,
DLA,Douala International Airport,Cameroon,Africa/Douala
DLC,Zhoushuizi Airport,China,Asia/Shanghai
DLD,Geilo Airport Dagali,Norway,Europe/Oslo
DLE,Dole-Tavaux Airport,France,Europe/Paris
DLF,DLF Airport,United States,America/Chicago
DLG,Dillingham Airport,United States,America/Anchorage
DLH,Duluth International Airport,United States,America/Chicago
DLI,Lien Khuong Airport,Vietnam,Asia/Saigon
DLK,Dulkaninna Airport,Australia,
DLM,Dalaman International Airport,Turkey,Europe/Istanbul
DLS,Columbia Gorge Regional the Dalles Municipal Airport,United States,America/Los_Angeles
DLU,Dali Airport,China,Asia/Shanghai
DLY,Dillon's Bay Airport,Vanuatu,Pacific/Efate
DLZ,Dalanzadgad Airport,Mongolia,Asia/Ulaanbaatar
DMA,Davis Monthan Air Force Base,United States,America/Phoenix
DMB,Taraz Airport,Kazakhstan,Asia/Qyzylorda
DMD,Doomadgee Airport,Australia,Australia/Brisbane
DME,Domodedovo International Airport,Russia,Europe/Moscow
DMK,Don Mueang International Airport,Thailand,Asia/Bangkok
DMM,King Fahd International Airport,Saudi Arabia,Asia/Riyadh
DMN,Deming Municipal Airport,United States,
DMT,Diamantino Airport,Brazil,America/Campo_Grande
DMU,Dimapur Airport,India,Asia/Calcutta
DNA,Kadena Air Base,Japan,Asia/Tokyo
DND,Dundee Airport,United Kingdom,Europe/London
DNH,Dunhuang Airport,China,Asia/Shanghai
DNK,Dnipropetrovsk International Airport,Ukraine,Europe/Kiev
DNL,Daniel Field,United States,America/New_York
DNN,Dalton Municipal Airport,United States,America/New_York
DNP,Tulsipur Airport,Nepal,Asia/Katmandu
DNQ,Deniliquin Airport,Australia,
DNR,Dinard-Pleurtuit-Saint-Malo Airport,France,Europe/Paris
DNV,Vermilion Regional Airport,United States,America/Chicago
DNZ,Çardak Airport,Turkey,Europe/Istanbul
DOB,Rar Gwamar Airport,Indonesia,
DOD,Dodoma Airport,Tanzania,Africa/Dar_es_Salaam
DOG,Dongola Airport,Sudan,Africa/Khartoum
DOH,Hamad International Airport,Qatar,
DOK,Donetsk International Airport,Ukraine,Europe/Kiev
DOL,Deauville-Saint-Gatien Airport,France,Europe/Paris
DOM,Douglas-Charles Airport,Dominica,America/Dominica
DOP,Dolpa Airport,Nepal,Asia/Katmandu
DOU,Dourados Airport,Brazil,America/Campo_Grande
DOV,Dover Air Force Base,United States,America/New_York
DOY,Dongying Shengli Airport,China,Asia/Shanghai
DPA,Dupage Airport,United States,America/Chicago
DPL,Dipolog Airport,Philippines,Asia/Manila
DPO,Devonport Airport,Australia,Australia/Melbourne
DPS,Ngurah Rai (Bali) International Airport,Indonesia,Asia/Makassar
DQA,Saertu Airport,China,Asia/Shanghai
DQM,Duqm International Airport,Oman,
DRA,Desert Rock Airport,United States,
DRB,Derby Airport,Australia,Australia/Perth
DRE,Drummond Island Airport,United States,America/New_York
DRG,Deering Airport,United States,America/Anchorage
DRI,Beauregard Regional Airport,United States,America/Chicago
DRJ,Drietabbetje Airport,Suriname,America/Paramaribo
DRK,Drake Bay Airport,Costa Rica,America/Costa_Rica
DRN,Dirranbandi Airport,Australia,
DRO,Durango La Plata County Airport,United States,America/Denver
DRS,Dresden Airport,Germany,Europe/Berlin
DRT,Del Rio International Airport,United States,America/Chicago
DRV,Dharavandhoo Airport,Maldives,
DRW,Darwin International Airport,Australia,Australia/Darwin
DSA,Robin Hood Doncaster Sheffield Airport,United Kingdom,Europe/London
DSD,La Désirade Airport,Guadeloupe,America/Guadeloupe
DSE,Combolcha Airport,Ethiopia,Africa/Addis_Ababa
DSI,Destin Executive Airport,United States,America/Chicago
DSK,Dera Ismael Khan Airport,Pakistan,Asia/Karachi
DSM,Des Moines International Airport,United States,America/Chicago
DSN,Ordos Ejin Horo Airport,China,Asia/Shanghai
DSO,Sondok Airport,North Korea,Asia/Pyongyang
DSS,Blaise Diagne International Airport,Senegal,
DTA,Delta Municipal Airport,United States,America/Denver
DTB,Silangit Airport,Indonesia,Asia/Jakarta
DTD,Datadawai Airport,Indonesia,Asia/Makassar
DTE,Daet Airport,Philippines,Asia/Manila
DTI,Diamantina Airport,Brazil,America/Sao_Paulo
DTM,Dortmund Airport,Germany,Europe/Berlin
DTN,Shreveport Downtown Airport,United States,America/Chicago
DTU,Wudalianchi Dedu Airport,China,
DTW,Detroit Metropolitan Wayne County Airport,United States,America/New_York
DU9,Dunnville Airport,Canada,
DUB,Dublin Airport,Ireland,Europe/Dublin
DUC,Halliburton Field,United States,America/Chicago
DUD,Dunedin Airport,New Zealand,Pacific/Auckland
DUE,Dundo Airport,Angola,Africa/Luanda
DUG,Bisbee Douglas International Airport,United States,America/Phoenix
DUJ,DuBois Regional Airport,United States,America/New_York
DUM,Pinang Kampai Airport,Indonesia,Asia/Jakarta
DUR,King Shaka International Airport,South Africa,Africa/Johannesburg
DUS,Düsseldorf Airport,Germany,Europe/Berlin
DUT,Unalaska Airport,United States,America/Anchorage
DVL,Devils Lake Regional Airport,United States,America/Chicago
DVO,Francisco Bangoy International Airport,Philippines,Asia/Manila
DVT,Phoenix Deer Valley Airport,United States,America/Phoenix
DWA,Dwangwa Airport,Malawi,
DWB,Soalala Airport,Madagascar,Indian/Antananarivo
DWC,Al Maktoum International Airport,United Arab Emirates,Asia/Dubai
DWD,King Salman Abdulaziz Airport,Saudi Arabia,
DWH,David Wayne Hooks Memorial Airport,United States,America/Chicago
DXB,Dubai International Airport,United Arab Emirates,Asia/Dubai
DXR,Danbury Municipal Airport,United States,America/New_York
DYA,Dysart Airport,Australia,
DYG,Dayong Airport,China,Asia/Shanghai
DYL,Doylestown Airport,United States,America/New_York
DYR,Ugolny Airport,Russia,Asia/Anadyr
DYS,Dyess Air Force Base,United States,America/Chicago
DYU,Dushanbe Airport,Tajikistan,Asia/Dushanbe
DZA,Dzaoudzi Pamandzi International Airport,Mayotte,Indian/Mayotte
DZN,Zhezkazgan Airport,Kazakhstan,Asia/Qyzylorda
DZO,Santa Bernardina International Airport,Uruguay,America/Montevideo
EAA,Eagle Airport,United States,America/Anchorage
EAE,Siwo Airport,Vanuatu,Pacific/Efate
EAM,Nejran Airport,Saudi Arabia,Asia/Riyadh
EAS,San Sebastian Airport,Spain,Europe/Madrid
EAT,Pangborn Memorial Airport,United States,America/Los_Angeles
EAU,Chippewa Valley Regional Airport,United States,America/Chicago
EBA,Marina Di Campo Airport,Italy,Europe/Rome
EBB,Entebbe International Airport,Uganda,Africa/Kampala
EBD,El Obeid Airport,Sudan,Africa/Khartoum
EBG,El Bagre Airport,Colombia,America/Bogota
EBH,El Bayadh Airport,Algeria,
EBJ,Esbjerg Airport,Denmark,Europe/Copenhagen
EBL,Erbil International Airport,Iraq,Asia/Baghdad
EBM,El Borma Airport,Tunisia,Africa/Tunis
EBU,Saint-Étienne-Bouthéon Airport,France,Europe/Paris
ECA,Iosco County Airport,United States,America/New_York
ECG,Elizabeth City Regional Airport & Coast Guard Air Station,United States,America/New_York
ECH,Echuca Airport,Australia,
ECI,Costa Esmeralda Airport,Nicaragua,
ECN,Ercan International Airport,Cyprus,Asia/Nicosia
ECP,Northwest Florida Beaches International Airport,United States,America/Chicago
ECV,Cuatro Vientos Airport,Spain,
EDD,Erldunda Airport,Australia,
EDF,Elmendorf Air Force Base,United States,America/Anchorage
EDI,Edinburgh Airport,United Kingdom,Europe/London
EDL,Eldoret International Airport,Kenya,Africa/Nairobi
EDM,La Roche-sur-Yon Airport,France,Europe/Paris
EDO,Balıkesir Körfez Airport,Turkey,Europe/Istanbul
EDR,Pormpuraaw Airport,Australia,Australia/Brisbane
EDW,Edwards Air Force Base,United States,America/Los_Angeles
EED,Needles Airport,United States,
EEK,Eek Airport,United States,America/Anchorage
EEN,Dillant Hopkins Airport,United States,America/New_York
EFD,Ellington Airport,United States,America/Chicago
EFG,Efogi Airport,Papua New Guinea,
EFL,Kefallinia Airport,Greece,Europe/Athens
EGC,Bergerac-Roumanière Airport,France,Europe/Paris
EGE,Eagle County Regional Airport,United States,America/Denver
EGH,El Gora Airport,Egypt,Africa/Cairo
EGI,Duke Field,United States,
EGM,Sege Airport,Solomon Islands,Pacific/Guadalcanal
EGN,Geneina Airport,Sudan,Africa/Khartoum
EGO,Belgorod International Airport,Russia,Europe/Moscow
EGS,Egilsstaðir Airport,Iceland,Atlantic/Reykjavik
EGV,Eagle River Union Airport,United States,America/Chicago
EGX,Egegik Airport,United States,America/Anchorage
EHL,El Bolson Airport,Argentina,America/Argentina/Salta
EHM,Cape Newenham LRRS Airport,United States,America/Anchorage
EIB,Eisenach-Kindel Airport,Germany,Europe/Berlin
EIE,Yeniseysk Airport,Russia,Asia/Krasnoyarsk
EIK,Yeysk Airport,Russia,Europe/Moscow
EIL,Eielson Air Force Base,United States,America/Anchorage
EIN,Eindhoven Airport,Netherlands,Europe/Amsterdam
EIS,Terrance B. Lettsome International Airport,British Virgin Islands,America/Tortola
EIY,Ein Yahav Airfield,Israel,Asia/Jerusalem
EJA,Yariguíes Airport,Colombia,America/Bogota
EJH,Al Wajh Domestic Airport,Saudi Arabia,Asia/Riyadh
EJN,Ejin Banner-Taolai Airport,China,
EKA,Murray Field,United States,
EKB,Ekibastuz Airport,Kazakhstan,Asia/Qyzylorda
EKI,Elkhart Municipal Airport,United States,
EKN,Elkins-Randolph Co-Jennings Randolph Field,United States,America/New_York
EKO,Elko Regional Airport,United States,America/Los_Angeles
EKS,Shakhtyorsk Airport,Russia,
EKT,Eskilstuna Airport,Sweden,Europe/Stockholm
ELB,Las Flores Airport,Colombia,America/Bogota
ELC,Elcho Island Airport,Australia,Australia/Darwin
ELD,South Arkansas Regional At Goodwin Field,United States,America/Chicago
ELF,El Fasher Airport,Sudan,Africa/Khartoum
ELG,El Golea Airport,Algeria,Africa/Algiers
ELH,North Eleuthera Airport,Bahamas,America/Nassau
ELI,Elim Airport,United States,America/Anchorage
ELM,Elmira Corning Regional Airport,United States,America/New_York
ELO,El Dorado Airport,Argentina,America/Cordoba
ELP,El Paso International Airport,United States,America/Denver
ELQ,Gassim Airport,Saudi Arabia,Asia/Riyadh
ELS,Ben Schoeman Airport,South Africa,Africa/Johannesburg
ELT,El Tor Airport,Egypt,Africa/Cairo
ELU,Guemar Airport,Algeria,Africa/Algiers
ELV,Elfin Cove Seaplane Base,United States,America/Anchorage
ELY,Ely Airport Yelland Field,United States,America/Los_Angeles
EMA,East Midlands Airport,United Kingdom,Europe/London
EMD,Emerald Airport,Australia,Australia/Brisbane
EME,Emden Airport,Germany,Europe/Berlin
EMK,Emmonak Airport,United States,America/Anchorage
EML,Emmen Air Base,Switzerland,Europe/Zurich
EMN,Néma Airport,Mauritania,Africa/Nouakchott
EMP,Emporia Municipal Airport,Germany,America/Chicago
EMT,San Gabriel Valley Airport,United States,
ENA,Kenai Municipal Airport,United States,America/Anchorage
ENC,Nancy-Essey Airport,France,Europe/Paris
END,Vance Air Force Base,United States,America/Chicago
ENE,Ende (H Hasan Aroeboesman) Airport,Indonesia,Asia/Makassar
ENF,Enontekio Airport,Finland,Europe/Helsinki
ENH,Enshi Airport,China,Asia/Shanghai
ENK,St Angelo Airport,United Kingdom,Europe/London
ENN,Nenana Municipal Airport,United States,
ENO,Encarnación Airport,Paraguay,
ENS,Twente Airport,Netherlands,Europe/Amsterdam
ENT,Eniwetok Airport,Marshall Islands,Pacific/Majuro
ENU,Akanu Ibiam International Airport,Nigeria,Africa/Lagos
ENV,Wendover Airport,United States,America/Denver
ENW,Kenosha Regional Airport,United States,America/Chicago
ENY,Yan'an Ershilipu Airport,China,Asia/Shanghai
EOH,Enrique Olaya Herrera Airport,Colombia,America/Bogota
EOI,Eday Airport,United Kingdom,Europe/London
EOK,Keokuk Municipal Airport,United States,America/Chicago
EOR,El Dorado Airport,Venezuela,America/Caracas
EOZ,Elorza Airport,Venezuela,America/Caracas
EPA,El Palomar Airport,Argentina,America/Buenos_Aires
EPL,Épinal-Mirecourt Airport,France,Europe/Paris
EPR,Esperance Airport,Australia,Australia/Perth
EPU,Pärnu Airport,Estonia,Europe/Tallinn
EQS,Brigadier Antonio Parodi Airport,Argentina,America/Catamarca
ERC,Erzincan Airport,Turkey,Europe/Istanbul
ERD,Berdyansk Airport,Ukraine,
ERF,Erfurt Airport,Germany,Europe/Berlin
ERG,Yerbogachen Airport,Russia,Asia/Irkutsk
ERH,Moulay Ali Cherif Airport,Morocco,Africa/Casablanca
ERI,Erie International Tom Ridge Field,United States,America/New_York
ERL,Erenhot Saiwusu International Airport,China,
ERM,Erechim Airport,Brazil,America/Sao_Paulo
ERN,Eirunepé Airport,Brazil,America/Boa_Vista
ERS,Eros Airport,Namibia,Africa/Windhoek
ERV,Kerrville Municipal Louis Schreiner Field,United States,America/Chicago
ERZ,Erzurum International Airport,Turkey,Europe/Istanbul
ESB,Esenboğa International Airport,Turkey,Europe/Istanbul
ESC,Delta County Airport,United States,America/New_York
ESD,Orcas Island Airport,United States,America/Los_Angeles
ESE,Ensenada International Airport,Mexico,America/Tijuana
ESF,Esler Regional Airport,United States,America/Chicago
ESG,Dr. Luis Maria Argaña International Airport,Paraguay,America/Asuncion
ESH,Shoreham Airport,United Kingdom,Europe/London
ESK,Eskişehir Air Base,Turkey,Europe/Istanbul
ESL,Elista Airport,Russia,Europe/Moscow
ESM,General Rivadeneira Airport,Ecuador,America/Guayaquil
ESN,Easton Newnam Field,United States,America/New_York
ESR,Ricardo García Posada Airport,Chile,America/Santiago
ESS,Essen Mulheim Airport,Germany,Europe/Berlin
ESU,Mogador Airport,Morocco,Africa/Casablanca
ETB,West Bend Municipal Airport,United States,
ETH,Eilat Airport,Israel,Asia/Jerusalem
ETM,Ramon Airport,Israel,
ETR,Santa Rosa International Airport,Ecuador,America/Guayaquil
ETS,Enterprise Municipal Airport,United States,
ETZ,Metz-Nancy-Lorraine Airport,France,Europe/Paris
EUA,Kaufana Airport,Tonga,Pacific/Tongatapu
EUF,Weedon Field,United States,America/Chicago
EUG,Mahlon Sweet Field,United States,America/Los_Angeles
EUM,Neumünster Airport,Germany,Europe/Berlin
EUN,Hassan I Airport,Western Sahara,Africa/El_Aaiun
EUQ,Evelio Javier Airport,Philippines,Asia/Manila
EUX,F. D. Roosevelt Airport,Netherlands Antilles,America/Curacao
EVE,"Harstad/Narvik Airport, Evenes",Norway,Europe/Oslo
EVG,Sveg Airport,Sweden,Europe/Stockholm
EVN,Zvartnots International Airport,Armenia,Asia/Yerevan
EVV,Evansville Regional Airport,United States,America/Chicago
EVW,Evanston-Uinta County Airport-Burns Field,United States,America/Denver
EVX,Évreux-Fauville (BA 105) Air Base,France,Europe/Paris
EWB,New Bedford Regional Airport,United States,America/New_York
EWK,Newton City-County Airport,United States,America/Chicago
EWN,Coastal Carolina Regional Airport,United States,America/New_York
EWR,Newark Liberty International Airport,United States,America/New_York
EXT,Exeter International Airport,United Kingdom,Europe/London
EYK,Beloyarskiy Airport,Russia,Asia/Yekaterinburg
EYP,El Yopal Airport,Colombia,America/Bogota
EYW,Key West International Airport,United States,America/New_York
EZE,Ministro Pistarini International Airport,Argentina,America/Buenos_Aires
EZS,Elazığ Airport,Turkey,Europe/Istanbul
EZV,Berezovo Airport,Russia,Asia/Yekaterinburg
FAA,Faranah Airport,Guinea,Africa/Conakry
FAB,Farnborough Airport,United Kingdom,Europe/London
FAC,Faaite Airport,French Polynesia,
FAE,Vagar Airport,Faroe Islands,Atlantic/Faeroe
FAF,Felker Army Air Field,United States,America/New_York
FAH,Farah Airport,Afghanistan,
FAI,Fairbanks International Airport,United States,America/Anchorage
FAJ,Diego Jimenez Torres Airport,Puerto Rico,America/Puerto_Rico
FAN,Lista Airport,Norway,Europe/Oslo
FAO,Faro Airport,Portugal,Europe/Lisbon
FAR,Hector International Airport,United States,America/Chicago
FAT,Fresno Yosemite International Airport,United States,America/Los_Angeles
FAV,Fakarava Airport,French Polynesia,Pacific/Tahiti
FAY,Fayetteville Regional Grannis Field,United States,America/New_York
FAZ,Fasa Airport,Iran,Asia/Tehran
FBA,Fonte Boa Airport,Brazil,America/Boa_Vista
FBD,Fayzabad Airport,Afghanistan,Asia/Kabul
FBE,Francisco Beltrão Airport,Brazil,America/Sao_Paulo
FBG,Simmons Army Air Field,United States,America/New_York
FBK,Ladd AAF Airfield,United States,America/Anchorage
FBM,Lubumbashi International Airport,Congo (Kinshasa),Africa/Lubumbashi
FBR,Fort Bridger Airport,United States,America/Denver
FBU,"Oslo, Fornebu Airport",Norway,Europe/Oslo
FCA,Glacier Park International Airport,United States,America/Denver
FCB,Ficksburg Sentraoes Airport,South Africa,Africa/Johannesburg
FCM,Flying Cloud Airport,United States,America/Chicago
FCN,Nordholz Naval Airbase,Germany,Europe/Berlin
FCO,Leonardo da Vinci–Fiumicino Airport,Italy,Europe/Rome
FCS,Butts AAF (Fort Carson) Air Field,United States,America/Denver
FDF,Martinique Aimé Césaire International Airport,Martinique,America/Martinique
FDH,Friedrichshafen Airport,Germany,Europe/Berlin
FDO,San Fernando Airport,Argentina,America/Buenos_Aires
FDU,Bandundu Airport,Congo (Kinshasa),Africa/Kinshasa
FDY,Findlay Airport,United States,America/New_York
FEG,Fergana International Airport,Uzbekistan,Asia/Samarkand
FEL,Fürstenfeldbruck Air Base,Germany,Europe/Berlin
FEN,Fernando de Noronha Airport,Brazil,America/Fortaleza
FET,Fremont Municipal Airport,United States,
FEZ,Saïss Airport,Morocco,Africa/Casablanca
FFA,First Flight Airport,United States,America/New_York
FFD,RAF Fairford,United Kingdom,Europe/London
FFO,Wright-Patterson Air Force Base,United States,America/New_York
FFT,Capital City Airport,United States,America/New_York
FFU,Futaleufú Airport,Chile,America/Santiago
FGI,Fagali'i Airport,Samoa,Pacific/Apia
FGU,Fangatau Airport,French Polynesia,Pacific/Tahiti
FHU,Sierra Vista Municipal Libby Army Air Field,United States,America/Phoenix
FIE,Fair Isle Airport,United Kingdom,Europe/London
FIG,Fria Airport,Guinea,Africa/Conakry
FIH,Ndjili International Airport,Congo (Kinshasa),Africa/Kinshasa
FIK,Finke Airport,Australia,
FIZ,Fitzroy Crossing Airport,Australia,Australia/Perth
FJR,Fujairah International Airport,United Arab Emirates,Asia/Dubai
FKB,Karlsruhe Baden-Baden Airport,Germany,Europe/Berlin
FKI,Bangoka International Airport,Congo (Kinshasa),Africa/Lubumbashi
FKJ,Fukui Airport,Japan,Asia/Tokyo
FKL,Venango Regional Airport,United States,America/New_York
FKQ,Fakfak Airport,Indonesia,Asia/Jayapura
FKS,Fukushima Airport,Japan,Asia/Tokyo
FLA,Gustavo Artunduaga Paredes Airport,Colombia,America/Bogota
FLB,Cangapara Airport,Brazil,
FLD,Fond du Lac County Airport,United States,America/Chicago
FLF,Flensburg-Schäferhaus Airport,Germany,Europe/Berlin
FLG,Flagstaff Pulliam Airport,United States,America/Phoenix
FLL,Fort Lauderdale Hollywood International Airport,United States,America/New_York
FLN,Hercílio Luz International Airport,Brazil,America/Sao_Paulo
FLO,Florence Regional Airport,United States,America/New_York
FLP,Marion County Regional Airport,United States,
FLR,Peretola Airport,Italy,Europe/Rome
FLS,Flinders Island Airport,Australia,Australia/Melbourne
FLV,Sherman Army Air Field,United States,America/Chicago
FLW,Flores Airport,Portugal,Atlantic/Azores
FLZ,Dr Ferdinand Lumban Tobing Airport,Indonesia,Asia/Jakarta
FMA,Formosa Airport,Argentina,America/Cordoba
FME,Tipton Airport,United States,America/New_York
FMH,Cape Cod Coast Guard Air Station,United States,America/New_York
FMI,Kalemie Airport,Congo (Kinshasa),Africa/Lubumbashi
FMM,Memmingen Allgau Airport,Germany,Europe/Berlin
FMN,Four Corners Regional Airport,United States,America/Denver
FMO,Münster Osnabrück Airport,Germany,Europe/Berlin
FMY,Page Field,United States,America/New_York
FNA,Lungi International Airport,Sierra Leone,Africa/Freetown
FNB,Neubrandenburg Airport,Germany,
FNC,Madeira Airport,Portugal,Europe/Lisbon
FNI,Nîmes-Arles-Camargue Airport,France,Europe/Paris
FNJ,Pyongyang Sunan International Airport,North Korea,Asia/Pyongyang
FNL,Northern Colorado Regional Airport,United States,America/Denver
FNR,Funter Bay Seaplane Base,United States,America/Anchorage
FNT,Bishop International Airport,United States,America/New_York
FNU,Oristano-Fenosu Airport,Italy,Europe/Rome
FOC,Fuzhou Changle International Airport,China,Asia/Shanghai
FOD,Fort Dodge Regional Airport,United States,America/Chicago
FOE,Topeka Regional Airport - Forbes Field,United States,America/Chicago
FOG,"Foggia ""Gino Lisa"" Airport",Italy,Europe/Rome
FOK,Francis S Gabreski Airport,United States,America/New_York
FOM,Foumban Nkounja Airport,Cameroon,Africa/Douala
FON,Arenal Airport,Costa Rica,America/Costa_Rica
FOR,Pinto Martins International Airport,Brazil,America/Fortaleza
FOS,Forrest Airport,Australia,Australia/Perth
FPO,Grand Bahama International Airport,Bahamas,America/Nassau
FPR,St Lucie County International Airport,United States,America/New_York
FRA,Frankfurt am Main Airport,Germany,Europe/Berlin
FRB,Forbes Airport,Australia,
FRC,Tenente Lund Pressoto Airport,Brazil,America/Sao_Paulo
FRD,Friday Harbor Airport,United States,America/Los_Angeles
FRE,Fera/Maringe Airport,Solomon Islands,Pacific/Guadalcanal
FRG,Republic Airport,United States,America/New_York
FRI,Marshall Army Air Field,United States,America/Chicago
FRJ,Fréjus Airport,France,Europe/Paris
FRL,Forlì Airport,Italy,Europe/Rome
FRN,Bryant Army Heliport,United States,America/Anchorage
FRO,Florø Airport,Norway,Europe/Oslo
FRS,Mundo Maya International Airport,Guatemala,America/Guatemala
FRU,Manas International Airport,Kyrgyzstan,Asia/Bishkek
FRW,Francistown Airport,Botswana,Africa/Gaborone
FRY,Eastern Slopes Regional Airport,United States,America/New_York
FRZ,Fritzlar Airport,Germany,Europe/Berlin
FSC,Figari Sud-Corse Airport,France,Europe/Paris
FSD,Joe Foss Field Airport,United States,America/Chicago
FSI,Henry Post Army Air Field (Fort Sill),United States,America/Chicago
FSM,Fort Smith Regional Airport,United States,America/Chicago
FSP,St Pierre Airport,Saint Pierre and Miquelon,America/Miquelon
FSS,RAF Kinloss,United Kingdom,
FST,Fort Stockton Pecos County Airport,United States,America/Chicago
FTA,Futuna Airport,Vanuatu,Pacific/Efate
FTE,El Calafate Airport,Argentina,America/Argentina/Rio_Gallegos
FTI,Fitiuta Airport,American Samoa,Pacific/Pago_Pago
FTK,Godman Army Air Field,United States,America/New_York
FTU,Tôlanaro Airport,Madagascar,Indian/Antananarivo
FTW,Fort Worth Meacham International Airport,United States,America/Chicago
FTX,Owando Airport,Congo (Kinshasa),Africa/Brazzaville
FTY,Fulton County Airport Brown Field,United States,America/New_York
FUE,Fuerteventura Airport,Spain,Atlantic/Canary
FUG,Fuyang Xiguan Airport,China,Asia/Shanghai
FUJ,Fukue Airport,Japan,Asia/Tokyo
FUK,Fukuoka Airport,Japan,Asia/Tokyo
FUL,Fullerton Municipal Airport,United States,America/Los_Angeles
FUN,Funafuti International Airport,Tuvalu,Pacific/Funafuti
FUO,Foshan Shadi Airport,China,Asia/Shanghai
FUT,Pointe Vele Airport,Wallis and Futuna,Pacific/Wallis
FWA,Fort Wayne International Airport,United States,America/New_York
FWH,NAS Fort Worth JRB/Carswell Field,United States,America/Chicago
FXE,Fort Lauderdale Executive Airport,United States,America/New_York
FXO,Cuamba Airport,Mozambique,Africa/Maputo
FYJ,Dongji Aiport,China,
FYN,Fuyun Koktokay Airport,China,
FYT,Faya Largeau Airport,Chad,Africa/Ndjamena
FYU,Fort Yukon Airport,United States,America/Anchorage
FYV,Drake Field,United States,America/Chicago
FZO,Bristol Filton Airport,United Kingdom,Europe/London
GAD,Northeast Alabama Regional Airport,United States,America/Chicago
GAE,Gabès Matmata International Airport,Tunisia,Africa/Tunis
GAF,Gafsa Ksar International Airport,Tunisia,Africa/Tunis
GAH,Gayndah Airport,Australia,Australia/Brisbane
GAI,Montgomery County Airpark,United States,America/New_York
GAJ,Yamagata Airport,Japan,Asia/Tokyo
GAL,Edward G. Pitka Sr Airport,United States,America/Anchorage
GAM,Gambell Airport,United States,America/Anchorage
GAN,Gan International Airport,Maldives,Indian/Maldives
GAO,Mariana Grajales Airport,Cuba,America/Havana
GAQ,Gao Airport,Mali,Africa/Bamako
GAS,Garissa Airport,Kenya,Africa/Nairobi
GAU,Lokpriya Gopinath Bordoloi International Airport,India,Asia/Calcutta
GAY,Gaya Airport,India,Asia/Calcutta
GBA,Cotswold Airport,United Kingdom,Europe/London
GBB,Gabala International Airport,Azerbaijan,Asia/Baku
GBD,Great Bend Municipal Airport,United States,America/Chicago
GBE,Sir Seretse Khama International Airport,Botswana,Africa/Gaborone
GBG,Galesburg Municipal Airport,United States,
GBJ,Les Bases Airport,Guadeloupe,America/Guadeloupe
GBK,Gbangbatok Airport,Sierra Leone,Africa/Freetown
GBT,Gorgan Airport,Iran,Asia/Tehran
GBZ,Great Barrier Aerodrome,New Zealand,Pacific/Auckland
GCC,Gillette Campbell County Airport,United States,America/Denver
GCH,Gachsaran Airport,Iran,Asia/Tehran
GCI,Guernsey Airport,Guernsey,Europe/Guernsey
GCJ,Grand Central Airport,South Africa,Africa/Johannesburg
GCK,Garden City Regional Airport,United States,America/Chicago
GCM,Owen Roberts International Airport,Cayman Islands,America/Cayman
GCN,Grand Canyon National Park Airport,United States,America/Phoenix
GDC,Donaldson Field Airport,United States,
GDE,Gode Airport,Ethiopia,Africa/Addis_Ababa
GDL,Don Miguel Hidalgo Y Costilla International Airport,Mexico,America/Mexico_City
GDN,Gdańsk Lech Wałęsa Airport,Poland,Europe/Warsaw
GDO,Guasdalito Airport,Venezuela,America/Caracas
GDQ,Gonder Airport,Ethiopia,Africa/Addis_Ababa
GDT,JAGS McCartney International Airport,Turks and Caicos Islands,America/Grand_Turk
GDV,Dawson Community Airport,United States,America/Denver
GDW,Gladwin Zettel Memorial Airport,United States,America/New_York
GDX,Sokol Airport,Russia,Asia/Srednekolymsk
GDZ,Gelendzhik Airport,Russia,Europe/Moscow
GEA,Nouméa Magenta Airport,New Caledonia,Pacific/Noumea
GEC,Lefkoniko Airport,Cyprus,
GED,Sussex County Airport,United States,America/New_York
GEG,Spokane International Airport,United States,America/Los_Angeles
GEL,Santo Ângelo Airport,Brazil,America/Sao_Paulo
GEO,Cheddi Jagan International Airport,Guyana,America/Guyana
GER,Rafael Cabrera Airport,Cuba,America/Havana
GES,General Santos International Airport,Philippines,Asia/Manila
GET,Geraldton Airport,Australia,Australia/Perth
GEV,Gällivare Airport,Sweden,Europe/Stockholm
GEX,Geelong Airport,Australia,Australia/Hobart
GFF,Griffith Airport,Australia,Australia/Sydney
GFK,Grand Forks International Airport,United States,America/Chicago
GFL,Floyd Bennett Memorial Airport,United States,America/New_York
GFN,Grafton Airport,Australia,Australia/Sydney
GFO,Bartica A Airport,Guyana,America/Guyana
GFR,Granville Airport,France,Europe/Paris
GFY,Grootfontein Airport,Namibia,Africa/Windhoek
GGE,Georgetown County Airport,United States,America/New_York
GGG,East Texas Regional Airport,United States,America/Chicago
GGM,Kakamega Airport,Kenya,Africa/Nairobi
GGS,Gobernador Gregores Airport,Argentina,America/Argentina/Rio_Gallegos
GGT,Exuma International Airport,Bahamas,America/Nassau
GGW,Wokal Field Glasgow International Airport,United States,America/Denver
GHA,Noumérat - Moufdi Zakaria Airport,Algeria,Africa/Algiers
GHB,Governor's Harbour Airport,Bahamas,America/Nassau
GHC,Great Harbour Cay Airport,Bahamas,America/Nassau
GHF,[Duplicate] Giebelstadt Army Air Field,Germany,Europe/Berlin
GHT,Ghat Airport,Libya,Africa/Tripoli
GHU,Gualeguaychu Airport,Argentina,America/Cordoba
GIB,Gibraltar Airport,Gibraltar,Europe/Gibraltar
GIC,Boigu Airport,Australia,Australia/Brisbane
GID,Gitega Airport,Burundi,
GIF,Winter Haven Regional Airport - Gilbert Field,United States,America/New_York
GIG,Rio Galeão – Tom Jobim International Airport,Brazil,America/Sao_Paulo
GII,Siguiri Airport,Guinea,
GIL,Gilgit Airport,Pakistan,Asia/Karachi
GIR,Santiago Vila Airport,Colombia,America/Bogota
GIS,Gisborne Airport,New Zealand,Pacific/Auckland
GIT,Mchauru Airport,Tanzania,
GIU,Sigiriya Air Force Base,Sri Lanka,Asia/Colombo
GIZ,Jizan Regional Airport,Saudi Arabia,Asia/Riyadh
GJA,La Laguna Airport,Honduras,America/Tegucigalpa
GJL,Jijel Ferhat Abbas Airport,Algeria,Africa/Algiers
GJM,Guajará-Mirim Airport,Brazil,America/Boa_Vista
GJR,Gjögur Airport,Iceland,Atlantic/Reykjavik
GJT,Grand Junction Regional Airport,United States,America/Denver
GKA,Goroka Airport,Papua New Guinea,Pacific/Port_Moresby
GKE,Geilenkirchen Air Base,Germany,Europe/Berlin
GKK,Kooddoo Airport,Maldives,Indian/Maldives
GKL,Great Keppel Is Airport,Australia,Australia/Brisbane
GKN,Gulkana Airport,United States,America/Anchorage
GLA,Glasgow International Airport,United Kingdom,Europe/London
GLD,Renner Field-Goodland Municipal Airport,United States,America/Denver
GLF,Golfito Airport,Costa Rica,America/Costa_Rica
GLH,Mid Delta Regional Airport,United States,America/Chicago
GLI,Glen Innes Airport,Australia,Australia/Sydney
GLK,Galcaio Airport,Somalia,Africa/Mogadishu
GLO,Gloucestershire Airport,United Kingdom,Europe/London
GLR,Gaylord Regional Airport,United States,
GLS,Scholes International At Galveston Airport,United States,America/Chicago
GLT,Gladstone Airport,Australia,Australia/Brisbane
GLU,Gelephu Airport,Bhutan,
GLV,Golovin Airport,United States,America/Anchorage
GLW,Glasgow Municipal Airport,United States,
GLZ,Gilze Rijen Air Base,Netherlands,Europe/Amsterdam
GMA,Gemena Airport,Congo (Kinshasa),Africa/Kinshasa
GMB,Gambella Airport,Ethiopia,Africa/Addis_Ababa
GMD,Ben Slimane Airport,Morocco,Africa/Casablanca
GME,Gomel Airport,Belarus,Europe/Minsk
GML,Gostomel Airport,Ukraine,Europe/Kiev
GMO,Gombe Lawanti International Airport,Nigeria,
GMP,Gimpo International Airport,South Korea,Asia/Seoul
GMQ,Golog Maqin Airport,China,
GMR,Totegegie Airport,French Polynesia,Pacific/Gambier
GMU,Greenville Downtown Airport,United States,
GMV,Monument Valley Airport,United States,America/Denver
GMZ,La Gomera Airport,Spain,Atlantic/Canary
GNA,Hrodna Airport,Belarus,Europe/Minsk
GNB,Grenoble-Isère Airport,France,Europe/Paris
GND,Point Salines International Airport,Grenada,America/Grenada
GNI,Lyudao Airport,Taiwan,Asia/Taipei
GNM,Guanambi Airport,Brazil,America/Fortaleza
GNR,Dr. Arturo H. Illia Airport,Argentina,America/Argentina/Salta
GNS,Binaka Airport,Indonesia,Asia/Jakarta
GNT,Grants-Milan Municipal Airport,United States,America/Denver
GNV,Gainesville Regional Airport,United States,America/New_York
GNY,Şanlıurfa GAP Airport,Turkey,Europe/Istanbul
GNZ,Ghanzi Airport,Botswana,Africa/Gaborone
GOA,Genoa Cristoforo Colombo Airport,Italy,Europe/Rome
GOB,Robe Airport,Ethiopia,Africa/Addis_Ababa
GOH,Godthaab / Nuuk Airport,Greenland,America/Godthab
GOI,Dabolim Airport,India,Asia/Calcutta
GOJ,Nizhny Novgorod Strigino International Airport,Russia,Europe/Moscow
GOM,Goma International Airport,Congo (Kinshasa),Africa/Kigali
GON,Groton New London Airport,United States,America/New_York
GOO,Goondiwindi Airport,Australia,
GOP,Gorakhpur Airport,India,Asia/Calcutta
GOQ,Golmud Airport,China,Asia/Shanghai
GOR,Gore Airport,Ethiopia,Africa/Addis_Ababa
GOT,Gothenburg-Landvetter Airport,Sweden,Europe/Stockholm
GOU,Garoua International Airport,Cameroon,Africa/Douala
GOV,Gove Airport,Australia,Australia/Darwin
GOZ,Gorna Oryahovitsa Airport,Bulgaria,Europe/Sofia
GPA,Araxos Airport,Greece,Europe/Athens
GPB,Tancredo Thomas de Faria Airport,Brazil,America/Sao_Paulo
GPI,Juan Casiano Airport,Colombia,America/Bogota
GPL,Guapiles Airport,Costa Rica,America/Costa_Rica
GPN,Garden Point Airport,Australia,
GPO,General Pico Airport,Argentina,America/Argentina/Salta
GPS,Seymour Airport,Ecuador,Pacific/Galapagos
GPT,Gulfport Biloxi International Airport,United States,America/Chicago
GPZ,Grand Rapids Itasca Co-Gordon Newstrom field,United States,America/Chicago
GQQ,Galion Municipal Airport,United States,America/New_York
GRB,Austin Straubel International Airport,United States,America/Chicago
GRF,Gray Army Air Field,United States,America/Los_Angeles
GRI,Central Nebraska Regional Airport,United States,America/Chicago
GRJ,George Airport,South Africa,Africa/Johannesburg
GRK,Robert Gray  Army Air Field Airport,United States,America/Chicago
GRM,Grand Marais Cook County Airport,United States,America/Chicago
GRO,Girona Airport,Spain,Europe/Madrid
GRP,Gurupi Airport,Brazil,America/Fortaleza
GRQ,Eelde Airport,Netherlands,Europe/Amsterdam
GRR,Gerald R. Ford International Airport,United States,America/New_York
GRS,Grosseto Air Base,Italy,Europe/Rome
GRU,Guarulhos - Governador André Franco Montoro International Airport,Brazil,America/Sao_Paulo
GRW,Graciosa Airport,Portugal,Atlantic/Azores
GRX,Federico Garcia Lorca Airport,Spain,Europe/Madrid
GRY,Grímsey Airport,Iceland,Atlantic/Reykjavik
GRZ,Graz Airport,Austria,Europe/Vienna
GSB,Seymour Johnson Air Force Base,United States,America/New_York
GSE,Gothenburg City Airport,Sweden,Europe/Stockholm
GSI,Grand-Santi Airport,French Guiana,America/Cayenne
GSJ,San José Airport,Guatemala,America/Guatemala
GSO,Piedmont Triad International Airport,United States,America/New_York
GSP,Greenville Spartanburg International Airport,United States,America/New_York
GSQ,Shark El Oweinat International Airport,Egypt,Africa/Cairo
GST,Gustavus Airport,United States,America/Anchorage
GTE,Groote Eylandt Airport,Australia,Australia/Darwin
GTF,Great Falls International Airport,United States,America/Denver
GTI,Rügen Airport,Germany,Europe/Berlin
GTN,Glentanner Airport,New Zealand,Pacific/Auckland
GTO,Jalaluddin Airport,Indonesia,Asia/Makassar
GTR,Golden Triangle Regional Airport,United States,America/Chicago
GUA,La Aurora Airport,Guatemala,America/Guatemala
GUB,Guerrero Negro Airport,Mexico,America/Tijuana
GUC,Gunnison Crested Butte Regional Airport,United States,America/Denver
GUF,Jack Edwards Airport,United States,America/Chicago
GUH,Gunnedah Airport,Australia,
GUI,Guiria Airport,Venezuela,America/Caracas
GUJ,Guaratinguetá Airport,Brazil,America/Sao_Paulo
GUL,Goulburn Airport,Australia,Australia/Sydney
GUM,Antonio B. Won Pat International Airport,Guam,Pacific/Guam
GUP,Gallup Municipal Airport,United States,America/Denver
GUQ,Guanare Airport,Venezuela,America/Caracas
GUR,Gurney Airport,Papua New Guinea,Pacific/Port_Moresby
GUS,Grissom Air Reserve Base,United States,America/New_York
GUT,Gütersloh Air Base,Germany,Europe/Berlin
GUU,Grundarfjörður Airport,Iceland,
GUW,Atyrau Airport,Kazakhstan,Asia/Oral
GUX,Guna Airport,India,Asia/Calcutta
GUY,Guymon Municipal Airport,United States,
GUZ,Guarapari Airport,Brazil,
GVA,Geneva Cointrin International Airport,Switzerland,Europe/Paris
GVL,Lee Gilmer Memorial Airport,United States,America/New_York
GVN,Maygatka Airport.,Russia,
GVR,Coronel Altino Machado de Oliveira Airport,Brazil,America/Sao_Paulo
GVT,Majors Airport,United States,America/Chicago
GVX,Gävle Sandviken Airport,Sweden,Europe/Stockholm
GWD,Gwadar International Airport,Pakistan,Asia/Karachi
GWE,Thornhill Air Base,Zimbabwe,Africa/Harare
GWL,Gwalior Airport,India,Asia/Calcutta
GWO,Greenwood–Leflore Airport,United States,America/Chicago
GWT,Westerland Sylt Airport,Germany,Europe/Berlin
GWY,Galway Airport,Ireland,Europe/Dublin
GXF,Sayun International Airport,Yemen,Asia/Aden
GXG,Negage Airport,Angola,Africa/Luanda
GXH,Gannan Xiahe Airport,China,Asia/Shanghai
GXQ,Teniente Vidal Airport,Chile,America/Santiago
GXY,Greeley–Weld County Airport,United States,
GYA,Capitán de Av. Emilio Beltrán Airport,Bolivia,America/La_Paz
GYD,Heydar Aliyev International Airport,Azerbaijan,Asia/Baku
GYE,José Joaquín de Olmedo International Airport,Ecuador,America/Guayaquil
GYG,Magan Airport,Russia,Asia/Yakutsk
GYI,Gisenyi Airport,Rwanda,Africa/Kigali
GYL,Argyle Airport,Australia,Australia/Perth
GYM,General José María Yáñez International Airport,Mexico,America/Hermosillo
GYN,Santa Genoveva Airport,Brazil,America/Sao_Paulo
GYR,Phoenix Goodyear Airport,United States,America/Phoenix
GYS,Guangyuan Airport,China,Asia/Shanghai
GYU,Guyuan Liupanshan Airport,China,Asia/Shanghai
GYY,Gary Chicago International Airport,United States,America/Chicago
GZA,Yasser Arafat International Airport,Palestine,Asia/Gaza
GZI,Ghazni Airport,Afghanistan,
GZM,Xewkija Heliport,Malta,Europe/Malta
GZO,Nusatupe Airport,Solomon Islands,Pacific/Guadalcanal
GZP,Gazipaşa Airport,Turkey,Europe/Istanbul
GZT,Gaziantep International Airport,Turkey,Europe/Istanbul
GZW,Qazvin Airport,Iran,Asia/Tehran
HAA,Hasvik Airport,Norway,Europe/Oslo
HAC,Hachijojima Airport,Japan,Asia/Tokyo
HAD,Halmstad Airport,Sweden,Europe/Stockholm
HAF,Half Moon Bay Airport,United States,
HAH,Prince Said Ibrahim International Airport,Comoros,Indian/Comoro
HAJ,Hannover Airport,Germany,Europe/Berlin
HAK,Haikou Meilan International Airport,China,Asia/Shanghai
HAM,Hamburg Airport,Germany,Europe/Berlin
HAN,Noi Bai International Airport,Vietnam,Asia/Saigon
HAO,Butler Co Regional Airport - Hogan Field,United States,America/New_York
HAQ,Hanimaadhoo Airport,Maldives,Indian/Maldives
HAR,Capital City Airport,United States,America/New_York
HAS,Ha'il Airport,Saudi Arabia,Asia/Riyadh
HAU,Haugesund Airport,Norway,Europe/Oslo
HAV,José Martí International Airport,Cuba,America/Havana
HAW,Haverfordwest Airport,United Kingdom,Europe/London
HBA,Hobart International Airport,Australia,Australia/Melbourne
HBE,Borg El Arab International Airport,Egypt,Africa/Cairo
HBG,Hattiesburg Bobby L Chain Municipal Airport,United States,America/Chicago
HBR,Hobart Regional Airport,United States,America/Chicago
HBX,Hubli Airport,India,Asia/Calcutta
HCJ,Hechi Jinchengjiang Airport,China,
HCN,Hengchun Airport,Taiwan,Asia/Taipei
HCQ,Halls Creek Airport,Australia,Australia/Perth
HCR,Holy Cross Airport,United States,America/Anchorage
HCW,Cheraw Municipal Airport/Lynch Bellinger Field,United States,America/New_York
HDD,Hyderabad Airport,Pakistan,Asia/Karachi
HDE,Brewster Field,United States,
HDF,Heringsdorf Airport,Germany,Europe/Berlin
HDG,Handan Airport,China,Asia/Shanghai
HDH,Dillingham Airfield,United States,Pacific/Honolulu
HDI,Hardwick Field,United States,America/New_York
HDM,Hamadan Airport,Iran,Asia/Tehran
HDN,Yampa Valley Airport,United States,America/Denver
HDR,Havadarya Airport,Iran,Asia/Tehran
HDS,Hoedspruit Air Force Base Airport,South Africa,Africa/Johannesburg
HDY,Hat Yai International Airport,Thailand,Asia/Bangkok
HEA,Herat Airport,Afghanistan,Asia/Kabul
HEH,Heho Airport,Burma,Asia/Rangoon
HEI,Heide-Büsum Airport,Germany,Europe/Berlin
HEK,Heihe Airport,China,Asia/Shanghai
HEL,Helsinki Vantaa Airport,Finland,Europe/Helsinki
HEM,Helsinki Malmi Airport,Finland,Europe/Helsinki
HER,Heraklion International Nikos Kazantzakis Airport,Greece,Europe/Athens
HET,Baita International Airport,China,Asia/Shanghai
HEW,Athen Helenikon Airport,Greece,Europe/Athens
HEX,Herrera Airport,Dominican Republic,America/Santo_Domingo
HFA,Haifa International Airport,Israel,Asia/Jerusalem
HFD,Hartford Brainard Airport,United States,America/New_York
HFE,Hefei Luogang International Airport,China,Asia/Shanghai
HFN,Hornafjörður Airport,Iceland,Atlantic/Reykjavik
HFS,Hagfors Airport,Sweden,Europe/Stockholm
HFT,Hammerfest Airport,Norway,Europe/Oslo
HGA,Egal International Airport,Somalia,Africa/Mogadishu
HGD,Hughenden Airport,Australia,Australia/Brisbane
HGE,Higuerote Airport,Venezuela,America/Caracas
HGH,Hangzhou Xiaoshan International Airport,China,Asia/Shanghai
HGI,"Paloich Airport, Heliport",South Sudan,
HGL,Helgoland-Düne Airport,Germany,Europe/Berlin
HGN,Mae Hong Son Airport,Thailand,Asia/Bangkok
HGO,Korhogo Airport,Cote d'Ivoire,Africa/Abidjan
HGR,Hagerstown Regional Richard A Henson Field,United States,America/New_York
HGS,Hastings Airport,Sierra Leone,Africa/Freetown
HGU,Mount Hagen Kagamuga Airport,Papua New Guinea,Pacific/Port_Moresby
HHE,Hachinohe Airport,Japan,Asia/Tokyo
HHH,Hilton Head Airport,United States,America/New_York
HHI,Wheeler Army Airfield,United States,Pacific/Honolulu
HHN,Frankfurt-Hahn Airport,Germany,Europe/Berlin
HHP,Shun Tak Heliport,Hong Kong,Asia/Hong_Kong
HHQ,Hua Hin Airport,Thailand,Asia/Bangkok
HHR,Jack Northrop Field Hawthorne Municipal Airport,United States,America/Los_Angeles
HHZ,Hikueru Atoll Airport,French Polynesia,
HIA,Lianshui Airport,China,Asia/Shanghai
HIB,Range Regional Airport,United States,America/Chicago
HID,Horn Island Airport,Australia,Australia/Brisbane
HIF,Hill Air Force Base,United States,America/Denver
HII,Lake Havasu City Airport,United States,America/Phoenix
HIJ,Hiroshima Airport,Japan,Asia/Tokyo
HIM,Hingurakgoda Air Force Base,Sri Lanka,
HIN,Sacheon Air Base/Airport,South Korea,Asia/Seoul
HIO,Portland Hillsboro Airport,United States,America/Los_Angeles
HIR,Honiara International Airport,Solomon Islands,Pacific/Guadalcanal
HIW,Hiroshimanishi Airport,Japan,Asia/Tokyo
HJJ,Zhijiang Airport,China,Asia/Shanghai
HJR,Khajuraho Airport,India,Asia/Calcutta
HKD,Hakodate Airport,Japan,Asia/Tokyo
HKG,Hong Kong International Airport,Hong Kong,Asia/Hong_Kong
HKK,Hokitika Airfield,New Zealand,Pacific/Auckland
HKN,Kimbe Airport,Papua New Guinea,Pacific/Port_Moresby
HKT,Phuket International Airport,Thailand,Asia/Bangkok
HKY,Hickory Regional Airport,United States,America/New_York
HLA,Lanseria Airport,South Africa,Africa/Johannesburg
HLD,Dongshan Airport,China,Asia/Shanghai
HLE,St. Helena Airport,United Kingdom,
HLF,Hultsfred Airport,Sweden,Europe/Stockholm
HLG,Wheeling Ohio County Airport,United States,America/New_York
HLH,Ulanhot Airport,China,Asia/Shanghai
HLI,Hollister Municipal Airport,United States,
HLJ,Barysiai Airport,Lithuania,Europe/Vilnius
HLN,Helena Regional Airport,United States,America/Denver
HLP,Halim Perdanakusuma International Airport,Indonesia,Asia/Jakarta
HLR,Hood Army Air Field,United States,America/Chicago
HLT,Hamilton Airport,Australia,Australia/Hobart
HLZ,Hamilton International Airport,New Zealand,Pacific/Auckland
HMA,Khanty Mansiysk Airport,Russia,Asia/Yekaterinburg
HMB,Sohag International Airport,Egypt,Africa/Cairo
HME,Oued Irara Airport,Algeria,Africa/Algiers
HMG,Hermannsburg Airport,Australia,
HMI,Hami Airport,China,Asia/Shanghai
HMJ,Khmelnytskyi Airport,Ukraine,Europe/Kiev
HMN,Holloman Air Force Base,United States,America/Denver
HMO,General Ignacio P. Garcia International Airport,Mexico,America/Hermosillo
HMR,Stafsberg Airport,Norway,Europe/Oslo
HMV,Hemavan Airport,Sweden,Europe/Stockholm
HMY,Seosan Air Base,South Korea,
HNA,Hanamaki Airport,Japan,Asia/Tokyo
HND,Tokyo Haneda International Airport,Japan,Asia/Tokyo
HNH,Hoonah Airport,United States,America/Anchorage
HNL,Daniel K Inouye International Airport,United States,Pacific/Honolulu
HNM,Hana Airport,United States,Pacific/Honolulu
HNS,Haines Airport,United States,America/Anchorage
HNY,Hengyang Nanyue Airport,China,
HOA,Hola Airport,Kenya,Africa/Nairobi
HOB,Lea County Regional Airport,United States,America/Denver
HOD,Hodeidah International Airport,Yemen,Asia/Aden
HOE,Ban Huoeisay Airport,Laos,Asia/Vientiane
HOF,Al Ahsa Airport,Saudi Arabia,Asia/Riyadh
HOG,Frank Pais International Airport,Cuba,America/Havana
HOH,Hohenems-Dornbirn Airport,Austria,Europe/Vienna
HOI,Hao Airport,French Polynesia,
HOK,Hooker Creek Airport,Australia,Australia/Darwin
HOM,Homer Airport,United States,America/Anchorage
HON,Huron Regional Airport,United States,America/Chicago
HOP,Campbell AAF (Fort Campbell) Air Field,United States,America/Chicago
HOQ,Hof-Plauen Airport,Germany,Europe/Berlin
HOR,Horta Airport,Portugal,Atlantic/Azores
HOS,Chos Malal Airport,Argentina,America/Argentina/Salta
HOT,Memorial Field,United States,America/Chicago
HOU,William P Hobby Airport,United States,America/Chicago
HOV,"Ørsta-Volda Airport, Hovden",Norway,Europe/Oslo
HOX,Hommalinn Airport,Burma,Asia/Rangoon
HPA,Lifuka Island Airport,Tonga,Pacific/Tongatapu
HPB,Hooper Bay Airport,United States,America/Anchorage
HPG,Shennongjia Hongping Airport,China,
HPH,Cat Bi International Airport,Vietnam,Asia/Saigon
HPN,Westchester County Airport,United States,America/New_York
HQM,Bowerman Airport,United States,America/Los_Angeles
HRB,Taiping Airport,China,Asia/Shanghai
HRE,Robert Gabriel Mugabe International Airport,Zimbabwe,Africa/Harare
HRG,Hurghada International Airport,Egypt,Africa/Cairo
HRI,Mattala Rajapaksa International Airport,Sri Lanka,Asia/Colombo
HRK,Kharkiv International Airport,Ukraine,Europe/Kiev
HRL,Valley International Airport,United States,America/Chicago
HRM,Hassi R'Mel Airport,Algeria,Africa/Algiers
HRO,Boone County Airport,United States,America/Chicago
HRS,Harrismith Airport,South Africa,Africa/Johannesburg
HRT,RAF Linton-On-Ouse,United Kingdom,Europe/London
HSG,Saga Airport,Japan,Asia/Tokyo
HSH,Henderson Executive Airport,United States,America/Los_Angeles
HSK,Huesca/Pirineos Airport,Spain,Europe/Madrid
HSL,Huslia Airport,United States,America/Anchorage
HSM,Horsham Airport,Australia,
HSN,Zhoushan Airport,China,Asia/Shanghai
HSS,Hissar Airport,India,Asia/Calcutta
HST,Homestead ARB Airport,United States,America/New_York
HSV,Huntsville International Carl T Jones Field,United States,America/Chicago
HSZ,Hsinchu Air Base,Taiwan,Asia/Taipei
HTA,Chita-Kadala Airport,Russia,Asia/Yakutsk
HTG,Khatanga Airport,Russia,Asia/Krasnoyarsk
HTI,Hamilton Island Airport,Australia,Australia/Brisbane
HTL,Roscommon County - Blodgett Memorial Airport,United States,America/New_York
HTN,Hotan Airport,China,Asia/Shanghai
HTR,Hateruma Airport,Japan,
HTS,Tri-State/Milton J. Ferguson Field,United States,America/New_York
HTT,Huatugou Airport,China,
HTU,Hopetoun Airport,Australia,
HTV,Huntsville Regional Airport,United States,
HTY,Hatay Airport,Turkey,Europe/Istanbul
HUA,Redstone Army Air Field,United States,America/Chicago
HUE,Humera Airport,Ethiopia,Africa/Addis_Ababa
HUF,"Terre Haute Regional Airport, Hulman Field",United States,America/New_York
HUH,Huahine-Fare Airport,French Polynesia,Pacific/Tahiti
HUI,Phu Bai Airport,Vietnam,Asia/Saigon
HUL,Houlton International Airport,United States,America/New_York
HUN,Hualien Airport,Taiwan,Asia/Taipei
HUO,Holingol Huolinhe Airport,China,
HUQ,Hon Airport,Libya,Africa/Tripoli
HUS,Hughes Airport,United States,America/Anchorage
HUT,Hutchinson Municipal Airport,United States,America/Chicago
HUU,Alferez Fap David Figueroa Fernandini Airport,Peru,America/Lima
HUV,Hudiksvall Airport,Sweden,Europe/Stockholm
HUW,Humaitá Airport,Brazil,America/Boa_Vista
HUX,Bahías de Huatulco International Airport,Mexico,America/Mexico_City
HUY,Humberside Airport,United Kingdom,Europe/London
HUZ,Huizhou Airport,China,Asia/Shanghai
HVA,Analalava Airport,Madagascar,Indian/Antananarivo
HVB,Hervey Bay Airport,Australia,Australia/Brisbane
HVD,Khovd Airport,Mongolia,Asia/Hovd
HVG,Valan Airport,Norway,Europe/Oslo
HVN,Tweed New Haven Airport,United States,America/New_York
HVR,Havre City County Airport,United States,America/Denver
HVS,Hartsville Regional Airport,United States,
HWD,Hayward Executive Airport,United States,America/Los_Angeles
HWN,Hwange National Park Airport,Zimbabwe,Africa/Harare
HWO,North Perry Airport,United States,America/New_York
HXD,Delingha Airport,China,
HXX,Hay Airport,Australia,
HYA,Barnstable Municipal Boardman Polando Field,United States,America/New_York
HYC,Wycombe Air Park,United Kingdom,Europe/London
HYD,Rajiv Gandhi International Airport,India,
HYG,Hydaburg Seaplane Base,United States,America/Anchorage
HYN,Huangyan Luqiao Airport,China,Asia/Shanghai
HYR,Sawyer County Airport,United States,
HYS,Hays Regional Airport,United States,America/Chicago
HYV,Hyvinkää Airfield,Finland,Europe/Helsinki
HZB,Merville-Calonne Airport,France,Europe/Paris
HZG,Hanzhong Chenggu Airport,China,Asia/Shanghai
HZH,Liping Airport,China,Asia/Shanghai
HZK,Húsavík Airport,Iceland,Atlantic/Reykjavik
HZL,Hazleton Municipal Airport,United States,America/New_York
HZP,Fort Mackay / Horizon Airport,Canada,
IAA,Igarka Airport,Russia,Asia/Krasnoyarsk
IAB,Mc Connell Air Force Base,United States,America/Chicago
IAD,Washington Dulles International Airport,United States,America/New_York
IAG,Niagara Falls International Airport,United States,America/New_York
IAH,George Bush Intercontinental Houston Airport,United States,America/Chicago
IAM,In Aménas Airport,Algeria,Africa/Algiers
IAN,Bob Baker Memorial Airport,United States,America/Anchorage
IAO,Siargao Airport,Philippines,Asia/Manila
IAR,Tunoshna Airport,Russia,Europe/Moscow
IAS,Iaşi Airport,Romania,Europe/Bucharest
IBA,Ibadan Airport,Nigeria,Africa/Lagos
IBB,General Villamil Airport,Ecuador,Pacific/Galapagos
IBE,Perales Airport,Colombia,America/Bogota
IBP,Iberia Airport,Peru,America/Lima
IBR,Hyakuri Airport,Japan,Asia/Tokyo
IBZ,Ibiza Airport,Spain,Europe/Madrid
ICC,Andrés Miguel Salazar Marcano Airport,Venezuela,America/Caracas
ICI,Cicia Airport,Fiji,Pacific/Fiji
ICK,Nieuw Nickerie Airport,Suriname,America/Paramaribo
ICN,Incheon International Airport,South Korea,Asia/Seoul
ICT,Wichita Eisenhower National Airport,United States,America/Chicago
IDA,Idaho Falls Regional Airport,United States,America/Denver
IDP,Independence Municipal Airport,United States,
IDR,Devi Ahilyabai Holkar Airport,India,Asia/Calcutta
IDY,Île d'Yeu Airport,France,Europe/Paris
IEG,Zielona Góra-Babimost Airport,Poland,Europe/Warsaw
IEJ,Ie Jima Airport,Japan,
IES,Riesa-Göhlis Airport,Germany,Europe/Berlin
IEV,Kiev Zhuliany International Airport,Ukraine,Europe/Kiev
IFH,Hesa Airport,Iran,Asia/Tehran
IFJ,Ísafjörður Airport,Iceland,Atlantic/Reykjavik
IFL,Innisfail Airport,Australia,Australia/Brisbane
IFN,Esfahan Shahid Beheshti International Airport,Iran,Asia/Tehran
IFO,Ivano-Frankivsk International Airport,Ukraine,Europe/Kiev
IFU,Ifuru Airport,Maldives,
IGA,Inagua Airport,Bahamas,America/Nassau
IGB,Cabo F.A.A. H. R. Bordón Airport,Argentina,America/Argentina/Salta
IGD,Iğdır Airport,Turkey,Europe/Istanbul
IGG,Igiugig Airport,United States,America/Anchorage
IGL,Çiğli Airport,Turkey,Europe/Istanbul
IGR,Cataratas Del Iguazú International Airport,Argentina,America/Cordoba
IGS,Ingolstadt Manching Airport,Germany,Europe/Berlin
IGT,Magas Airport,Russia,Europe/Moscow
IGU,Cataratas International Airport,Brazil,America/Sao_Paulo
IHC,Inhaca Airport,Mozambique,Africa/Maputo
IHR,Iran Shahr Airport,Iran,Asia/Tehran
IIA,Inishmaan Aerodrome,Ireland,Europe/Dublin
IIL,Ilam Airport,Iran,Asia/Tehran
IJK,Izhevsk Airport,Russia,Europe/Samara
IKA,Imam Khomeini International Airport,Iran,Asia/Tehran
IKB,Wilkes County Airport,United States,America/New_York
IKI,Iki Airport,Japan,Asia/Tokyo
IKK,Greater Kankakee Airport,United States,America/Chicago
IKL,Ikela Airport,Congo (Kinshasa),
IKO,Nikolski Air Station,United States,America/Anchorage
IKS,Tiksi Airport,Russia,Asia/Yakutsk
IKT,Irkutsk Airport,Russia,Asia/Irkutsk
IKU,Issyk-Kul International Airport,Kyrgyzstan,
ILA,Illaga Airport,Indonesia,
ILD,Lleida-Alguaire Airport,Spain,Europe/Madrid
ILF,Ilford Airport,Canada,America/Winnipeg
ILG,New Castle Airport,United States,America/New_York
ILI,Iliamna Airport,United States,America/Anchorage
ILM,Wilmington International Airport,United States,America/New_York
ILN,Wilmington Airpark,United States,America/New_York
ILO,Iloilo International Airport,Philippines,Asia/Manila
ILP,Île des Pins Airport,New Caledonia,Pacific/Noumea
ILQ,Ilo Airport,Peru,America/Lima
ILR,Ilorin International Airport,Nigeria,Africa/Lagos
ILU,Kilaguni Airport,Kenya,Africa/Nairobi
ILY,Islay Airport,United Kingdom,Europe/London
ILZ,Žilina Airport,Slovakia,Europe/Bratislava
IMB,Imbaimadai Airport,Guyana,America/Guyana
IMF,Imphal Airport,India,Asia/Calcutta
IMK,Simikot Airport,Nepal,Asia/Katmandu
IMM,Immokalee Regional Airport,United States,America/New_York
IMP,Prefeito Renato Moreira Airport,Brazil,America/Fortaleza
IMT,Ford Airport,United States,America/Chicago
INA,Inta Airport,Russia,
IND,Indianapolis International Airport,United States,America/New_York
ING,Lago Argentino Airport,Argentina,America/Argentina/Rio_Gallegos
INH,Inhambane Airport,Mozambique,Africa/Maputo
INI,Nis Airport,Serbia,Europe/Belgrade
INK,Winkler County Airport,United States,America/Chicago
INL,Falls International Airport,United States,America/Chicago
INN,Innsbruck Airport,Austria,Europe/Vienna
INO,Inongo Airport,Congo (Kinshasa),Africa/Kinshasa
INQ,Inisheer Aerodrome,Ireland,Europe/Dublin
INS,Creech Air Force Base,United States,America/Los_Angeles
INT,Smith Reynolds Airport,United States,America/New_York
INU,Nauru International Airport,Nauru,Pacific/Nauru
INV,Inverness Airport,United Kingdom,Europe/London
INW,Winslow Lindbergh Regional Airport,United States,America/Phoenix
INZ,In Salah Airport,Algeria,Africa/Algiers
IOA,Ioannina Airport,Greece,Europe/Athens
IOM,Isle of Man Airport,Isle of Man,Europe/Isle_of_Man
ION,Impfondo Airport,Congo (Brazzaville),
IOR,Inishmore Aerodrome,Ireland,Europe/Dublin
IOS,Bahia - Jorge Amado Airport,Brazil,America/Fortaleza
IOW,Iowa City Municipal Airport,United States,America/Chicago
IPA,Ipota Airport,Vanuatu,Pacific/Efate
IPC,Mataveri Airport,Chile,Pacific/Easter
IPH,Sultan Azlan Shah Airport,Malaysia,Asia/Kuala_Lumpur
IPI,San Luis Airport,Colombia,America/Bogota
IPL,Imperial County Airport,United States,America/Los_Angeles
IPN,Usiminas Airport,Brazil,America/Sao_Paulo
IPT,Williamsport Regional Airport,United States,America/New_York
IQA,Al Asad Air Base,Iraq,Asia/Baghdad
IQM,Qiemo Yudu Airport,China,Asia/Shanghai
IQN,Qingyang Airport,China,Asia/Shanghai
IQQ,Diego Aracena Airport,Chile,America/Santiago
IQT,Coronel FAP Francisco Secada Vignetta International Airport,Peru,America/Lima
IRA,Ngorangora Airport,Solomon Islands,Pacific/Guadalcanal
IRB,Iraan Municipal Airport,United States,America/Chicago
IRC,Circle City /New/ Airport,United States,America/Anchorage
IRD,Ishurdi Airport,Bangladesh,Asia/Dhaka
IRG,Lockhart River Airport,Australia,Australia/Brisbane
IRI,Iringa Airport,Tanzania,Africa/Dar_es_Salaam
IRJ,Capitan V A Almonacid Airport,Argentina,America/Argentina/La_Rioja
IRK,Kirksville Regional Airport,United States,America/Chicago
IRP,Matari Airport,Congo (Kinshasa),Africa/Lubumbashi
IRZ,Tapuruquara Airport,Brazil,America/Boa_Vista
ISA,Mount Isa Airport,Australia,Australia/Brisbane
ISB,New Islamabad International Airport,Pakistan,
ISC,St. Mary's Airport,United Kingdom,Europe/London
ISE,Süleyman Demirel International Airport,Turkey,Europe/Istanbul
ISG,New Ishigaki Airport,Japan,Asia/Tokyo
ISJ,Isla Mujeres Airport,Mexico,America/Cancun
ISK,Nashik Airport,India,Asia/Calcutta
ISL,Atatürk International Airport,Turkey,Europe/Istanbul
ISM,Kissimmee Gateway Airport,United States,America/New_York
ISN,Sloulin Field International Airport,United States,America/Chicago
ISO,Kinston Regional Jetport At Stallings Field,United States,America/New_York
ISP,Long Island Mac Arthur Airport,United States,America/New_York
IST,Istanbul Airport,Turkey,
ISU,Sulaymaniyah International Airport,Iraq,Asia/Baghdad
ISW,Alexander Field South Wood County Airport,United States,America/Chicago
ITA,Itacoatiara Airport,Brazil,America/Boa_Vista
ITB,Itaituba Airport,Brazil,America/Belem
ITH,Ithaca Tompkins Regional Airport,United States,America/New_York
ITM,Osaka International Airport,Japan,Asia/Tokyo
ITO,Hilo International Airport,United States,Pacific/Honolulu
ITP,Itaperuna Airport,Brazil,
ITR,Francisco Vilela do Amaral Airport,Brazil,America/Sao_Paulo
IUE,Niue International Airport,Niue,Pacific/Niue
IVA,Ampampamena Airport,Madagascar,Indian/Antananarivo
IVC,Invercargill Airport,New Zealand,Pacific/Auckland
IVL,Ivalo Airport,Finland,Europe/Helsinki
IVR,Inverell Airport,Australia,Australia/Sydney
IWA,Ivanovo South Airport,Russia,Europe/Moscow
IWJ,Iwami Airport,Japan,Asia/Tokyo
IWK,Iwakuni Marine Corps Air Station,Japan,
IWO,Iwo Jima Airport,Japan,Asia/Tokyo
IWS,West Houston Airport,United States,America/Chicago
IXA,Agartala Airport,India,Asia/Calcutta
IXB,Bagdogra Airport,India,Asia/Calcutta
IXC,Chandigarh Airport,India,Asia/Calcutta
IXD,Allahabad Airport,India,Asia/Calcutta
IXE,Mangalore International Airport,India,Asia/Calcutta
IXG,Belgaum Airport,India,Asia/Calcutta
IXH,Kailashahar Airport,India,Asia/Calcutta
IXI,North Lakhimpur Airport,India,Asia/Calcutta
IXJ,Jammu Airport,India,Asia/Calcutta
IXK,Keshod Airport,India,Asia/Calcutta
IXL,Leh Kushok Bakula Rimpochee Airport,India,Asia/Calcutta
IXM,Madurai Airport,India,Asia/Calcutta
IXP,Pathankot Airport,India,Asia/Calcutta
IXR,Birsa Munda Airport,India,Asia/Calcutta
IXS,Silchar Airport,India,Asia/Calcutta
IXT,Pasighat Airport,India,
IXU,Aurangabad Airport,India,Asia/Calcutta
IXV,Along Airport,India,Asia/Calcutta
IXW,Sonari Airport,India,Asia/Calcutta
IXY,Kandla Airport,India,Asia/Calcutta
IXZ,Vir Savarkar International Airport,India,Asia/Calcutta
IYK,Inyokern Airport,United States,America/Los_Angeles
IZA,Zona da Mata Regional Airport,Brazil,America/Sao_Paulo
IZO,Izumo Airport,Japan,Asia/Tokyo
IZT,Ixtepec Airport,Mexico,America/Mexico_City
JAA,Jalalabad Airport,Afghanistan,Asia/Kabul
JAB,Jabiru Airport,Australia,Australia/Darwin
JAC,Jackson Hole Airport,United States,America/Denver
JAD,Perth Jandakot Airport,Australia,Australia/Perth
JAE,Shumba Airport,Peru,
JAF,Kankesanturai Airport,Sri Lanka,Asia/Colombo
JAG,Shahbaz Air Base,Pakistan,Asia/Karachi
JAI,Jaipur International Airport,India,Asia/Calcutta
JAK,Jacmel Airport,Haiti,America/Port-au-Prince
JAL,El Lencero Airport,Mexico,America/Mexico_City
JAM,Bezmer Air Base,Bulgaria,
JAN,Jackson-Medgar Wiley Evers International Airport,United States,America/Chicago
JAP,Chacarita Airport,Costa Rica,America/Costa_Rica
JAR,Jahrom Airport,Iran,Asia/Tehran
JAS,Jasper County Airport-Bell Field,United States,
JAU,Francisco Carle Airport,Peru,America/Lima
JAV,Ilulissat Airport,Greenland,America/Godthab
JAX,Jacksonville International Airport,United States,America/New_York
JBQ,La Isabela International Airport,Dominican Republic,America/Santo_Domingo
JBR,Jonesboro Municipal Airport,United States,America/Chicago
JCB,Santa Terezinha Airport,Brazil,America/Sao_Paulo
JCH,Qasigiannguit Heliport,Greenland,America/Godthab
JCI,New Century Aircenter Airport,United States,America/Chicago
JCK,Julia Creek Airport,Australia,Australia/Brisbane
JCR,Jacareacanga Airport,Brazil,America/Belem
JCT,Kimble County Airport,United States,
JDF,Francisco de Assis Airport,Brazil,America/Sao_Paulo
JDG,Jeongseok Airport,South Korea,Asia/Seoul
JDH,Jodhpur Airport,India,Asia/Calcutta
JDO,Orlando Bezerra de Menezes Airport,Brazil,America/Fortaleza
JDZ,Jingdezhen Airport,China,Asia/Shanghai
JED,King Abdulaziz International Airport,Saudi Arabia,Asia/Riyadh
JEE,Jérémie Airport,Haiti,America/Port-au-Prince
JEF,Jefferson City Memorial Airport,United States,America/Chicago
JEG,Aasiaat Airport,Greenland,America/Godthab
JER,Jersey Airport,Jersey,Europe/Jersey
JFK,John F Kennedy International Airport,United States,America/New_York
JFR,Paamiut Heliport,Greenland,America/Godthab
JGA,Jamnagar Airport,India,Asia/Calcutta
JGD,Jiagedaqi Airport,China,Asia/Shanghai
JGN,Jiayuguan Airport,China,Asia/Shanghai
JGO,Qeqertarsuaq Heliport,Greenland,America/Godthab
JGS,Jinggangshan Airport,China,Asia/Shanghai
JHB,Senai International Airport,Malaysia,Asia/Kuala_Lumpur
JHG,Xishuangbanna Gasa Airport,China,Asia/Shanghai
JHM,Kapalua Airport,United States,Pacific/Honolulu
JHQ,Shute Harbour Airport,Australia,Australia/Brisbane
JHS,Sisimiut Airport,Greenland,America/Godthab
JHW,Chautauqua County-Jamestown Airport,United States,America/New_York
JIA,Juína Airport,Brazil,
JIB,Djibouti-Ambouli Airport,Djibouti,Africa/Djibouti
JIC,Jinchuan Airport,China,
JIJ,Wilwal International Airport,Ethiopia,Africa/Addis_Ababa
JIK,Ikaria Airport,Greece,Europe/Athens
JIM,Jimma Airport,Ethiopia,Africa/Addis_Ababa
JIQ,Qianjiang Wulingshan Airport,China,Asia/Shanghai
JIU,Jiujiang Lushan Airport,China,Asia/Shanghai
JIW,Jiwani Airport,Pakistan,Asia/Karachi
JJG,Humberto Ghizzo Bortoluzzi Regional Airport,Brazil,
JJI,Juanjui Airport,Peru,America/Lima
JJM,Mulika Lodge Airport,Kenya,Africa/Nairobi
JJN,Quanzhou Jinjiang International Airport,China,Asia/Shanghai
JJU,Qaqortoq Heliport,Greenland,America/Godthab
JKG,Jönköping Airport,Sweden,Europe/Stockholm
JKH,Chios Island National Airport,Greece,Europe/Athens
JKL,Kalymnos Airport,Greece,Europe/Athens
JKR,Janakpur Airport,Nepal,Asia/Katmandu
JLN,Joplin Regional Airport,United States,America/Chicago
JLR,Jabalpur Airport,India,Asia/Calcutta
JMJ,Lancang Jingmai Airport,China,
JMK,Mikonos Airport,Greece,Europe/Athens
JMO,Jomsom Airport,Nepal,Asia/Katmandu
JMS,Jamestown Regional Airport,United States,America/Chicago
JMU,Jiamusi Airport,China,Asia/Shanghai
JNB,OR Tambo International Airport,South Africa,Africa/Johannesburg
JNG,Jining Qufu Airport,China,Asia/Shanghai
JNI,Junin Airport,Argentina,America/Buenos_Aires
JNN,Nanortalik Heliport,Greenland,America/Godthab
JNS,Narsaq Heliport,Greenland,America/Godthab
JNU,Juneau International Airport,United States,America/Anchorage
JNX,Naxos Airport,Greece,Europe/Athens
JNZ,Jinzhou Airport,China,Asia/Shanghai
JOE,Joensuu Airport,Finland,Europe/Helsinki
JOG,Adi Sutjipto International Airport,Indonesia,Asia/Jakarta
JOH,Port St Johns Airport,South Africa,Africa/Johannesburg
JOI,Lauro Carneiro de Loyola Airport,Brazil,America/Sao_Paulo
JOJ,Doris Lake,Canada,
JOK,Yoshkar-Ola Airport,Russia,Europe/Moscow
JOL,Jolo Airport,Philippines,Asia/Manila
JON,Johnston Atoll Airport,Johnston Atoll,Pacific/Johnston
JOS,Yakubu Gowon Airport,Nigeria,Africa/Lagos
JOT,Joliet Regional Airport,United States,America/Chicago
JPA,Presidente Castro Pinto International Airport,Brazil,America/Fortaleza
JPR,Ji-Paraná Airport,Brazil,America/Boa_Vista
JQA,Qaarsut Airport,Greenland,America/Godthab
JQE,Jaqué Airport,Panama,America/Panama
JRA,West 30th St. Heliport,United States,America/New_York
JRB,Downtown-Manhattan/Wall St Heliport,United States,America/New_York
JRF,Kalaeloa Airport,United States,Pacific/Honolulu
JRH,Jorhat Airport,India,Asia/Calcutta
JRN,Juruena Airport,Brazil,
JRO,Kilimanjaro International Airport,Tanzania,Africa/Dar_es_Salaam
JSA,Jaisalmer Airport,India,Asia/Calcutta
JSH,Sitia Airport,Greece,Europe/Athens
JSI,Skiathos Island National Airport,Greece,Europe/Athens
JSJ,Jiansanjiang Airport,China,
JSK,Jask Airport,Iran,
JSM,Jose De San Martin Airport,Argentina,America/Catamarca
JSR,Jessore Airport,Bangladesh,Asia/Dhaka
JST,John Murtha Johnstown Cambria County Airport,United States,America/New_York
JSU,Maniitsoq Airport,Greenland,America/Godthab
JSY,Syros Airport,Greece,Europe/Athens
JTC,Bauru - Arealva Airport,Brazil,America/Sao_Paulo
JTR,Santorini Airport,Greece,Europe/Athens
JTY,Astypalaia Airport,Greece,Europe/Athens
JUA,Inácio Luís do Nascimento Airport,Brazil,
JUB,Juba International Airport,South Sudan,Africa/Juba
JUH,Jiuhuashan Airport,China,Asia/Shanghai
JUI,Juist Airport,Germany,Europe/Berlin
JUJ,Gobernador Horacio Guzman International Airport,Argentina,America/Jujuy
JUL,Inca Manco Capac International Airport,Peru,America/Lima
JUM,Jumla Airport,Nepal,Asia/Katmandu
JUV,Upernavik Airport,Greenland,America/Godthab
JUZ,Quzhou Airport,China,Asia/Shanghai
JVA,Ankavandra Airport,Madagascar,Indian/Antananarivo
JVL,Southern Wisconsin Regional Airport,United States,America/Chicago
JWA,Jwaneng Airport,Botswana,Africa/Gaborone
JWN,Zanjan Airport,Iran,Asia/Tehran
JXA,Jixi Xingkaihu Airport,China,Asia/Shanghai
JXN,Jackson County Reynolds Field,United States,America/New_York
JYR,Jiroft Airport,Iran,Asia/Tehran
JYV,Jyvaskyla Airport,Finland,Europe/Helsinki
JZH,Jiuzhai Huanglong Airport,China,Asia/Shanghai
KAA,Kasama Airport,Zambia,Africa/Lusaka
KAB,Kariba International Airport,Zimbabwe,Africa/Harare
KAC,Kamishly Airport,Syria,Asia/Damascus
KAD,Kaduna Airport,Nigeria,Africa/Lagos
KAG,Gangneung Airport (K-18),South Korea,Asia/Seoul
KAI,Kaieteur International Airport,Guyana,America/Guyana
KAJ,Kajaani Airport,Finland,Europe/Helsinki
KAL,Kaltag Airport,United States,America/Anchorage
KAN,Mallam Aminu International Airport,Nigeria,Africa/Lagos
KAO,Kuusamo Airport,Finland,Europe/Helsinki
KAR,Kamarang Airport,Guyana,America/Guyana
KAT,Kaitaia Airport,New Zealand,Pacific/Auckland
KAU,Kauhava Airport,Finland,Europe/Helsinki
KAW,Kawthoung Airport,Burma,Asia/Rangoon
KAX,Kalbarri Airport,Australia,Australia/Perth
KAZ,Kao Airport,Indonesia,
KBL,Hamid Karzai International Airport,Afghanistan,Asia/Kabul
KBN,Tunta Airport,Congo (Kinshasa),
KBP,Boryspil International Airport,Ukraine,Europe/Kiev
KBQ,Kasungu Airport,Malawi,Africa/Blantyre
KBR,Sultan Ismail Petra Airport,Malaysia,Asia/Kuala_Lumpur
KBS,Bo Airport,Sierra Leone,Africa/Freetown
KBV,Krabi Airport,Thailand,Asia/Bangkok
KBZ,Kaikoura Airport,New Zealand,Pacific/Auckland
KCA,Kuqa Airport,China,Asia/Shanghai
KCF,Kadanwari Airport,Pakistan,
KCH,Kuching International Airport,Malaysia,Asia/Kuala_Lumpur
KCK,Kirensk Airport,Russia,Asia/Irkutsk
KCM,Kahramanmaraş Airport,Turkey,Europe/Istanbul
KCO,Cengiz Topel Airport,Turkey,Europe/Istanbul
KCS,Kings Creek Airport,Australia,
KCT,Koggala Airport,Sri Lanka,Asia/Colombo
KCZ,Kōchi Ryōma Airport,Japan,Asia/Tokyo
KDA,Kolda North Airport,Senegal,
KDC,Kandi Airport,Benin,
KDD,Khuzdar Airport,Pakistan,Asia/Karachi
KDH,Kandahar Airport,Afghanistan,Asia/Kabul
KDI,Wolter Monginsidi Airport,Indonesia,Asia/Makassar
KDL,Kärdla Airport,Estonia,Europe/Tallinn
KDM,Kaadedhdhoo Airport,Maldives,Indian/Maldives
KDO,Kadhdhoo Airport,Maldives,Indian/Maldives
KDT,Kamphaeng Saen Airport,Thailand,Asia/Bangkok
KDU,Skardu Airport,Pakistan,Asia/Karachi
KDV,Vunisea Airport,Fiji,Pacific/Fiji
KDX,Kadugli Airport,Sudan,Africa/Khartoum
KDY,Typliy Klyuch Airport,Russia,Asia/Yakutsk
KED,Kaédi Airport,Mauritania,Africa/Nouakchott
KEF,Keflavik International Airport,Iceland,Atlantic/Reykjavik
KEJ,Kemerovo Airport,Russia,Asia/Krasnoyarsk
KEL,Kiel-Holtenau Airport,Germany,Europe/Berlin
KEM,Kemi-Tornio Airport,Finland,Europe/Helsinki
KEN,Kenema Airport,Sierra Leone,Africa/Freetown
KEO,Odienne Airport,Cote d'Ivoire,
KEP,Nepalgunj Airport,Nepal,Asia/Katmandu
KER,Kerman Airport,Iran,Asia/Tehran
KES,Kelsey Airport,Canada,
KET,Kengtung Airport,Burma,Asia/Rangoon
KEV,Halli Airport,Finland,Europe/Helsinki
KEW,Keewaywin Airport,Canada,America/Winnipeg
KEY,Kericho Airport,Kenya,Africa/Nairobi
KFA,Kiffa Airport,Mauritania,Africa/Nouakchott
KFE,Fortescue - Dave Forrest Aerodrome,Australia,Australia/Perth
KFG,Kalkgurung Airport,Australia,Australia/Darwin
KFP,False Pass Airport,United States,America/Anchorage
KFS,Kastamonu Airport,Turkey,Europe/Istanbul
KGA,Kananga Airport,Congo (Kinshasa),Africa/Lubumbashi
KGC,Kingscote Airport,Australia,Australia/Adelaide
KGD,Khrabrovo Airport,Russia,Europe/Kaliningrad
KGE,Kaghau Airport,Solomon Islands,Pacific/Guadalcanal
KGF,Sary-Arka Airport,Kazakhstan,Asia/Qyzylorda
KGG,Kédougou Airport,Senegal,Africa/Dakar
KGI,Kalgoorlie Boulder Airport,Australia,Australia/Perth
KGJ,Karonga Airport,Malawi,Africa/Blantyre
KGK,Koliganek Airport,United States,America/Anchorage
KGL,Kigali International Airport,Rwanda,Africa/Kigali
KGO,Kirovograd Airport,Ukraine,Europe/Kiev
KGP,Kogalym International Airport,Russia,Asia/Yekaterinburg
KGS,Kos Airport,Greece,Europe/Athens
KGT,Kangding Airport,China,Asia/Shanghai
KGW,Kagi Airport,Papua New Guinea,
KGY,Kingaroy Airport,Australia,
KHC,Kerch Airport,Ukraine,Europe/Simferopol
KHD,Khoram Abad Airport,Iran,Asia/Tehran
KHE,Kherson International Airport,Ukraine,Europe/Kiev
KHG,Kashgar Airport,China,Asia/Shanghai
KHH,Kaohsiung International Airport,Taiwan,Asia/Taipei
KHI,Jinnah International Airport,Pakistan,Asia/Karachi
KHJ,Kauhajoki Airport,Finland,Europe/Helsinki
KHK,Khark Island Airport,Iran,Asia/Tehran
KHM,Kanti Airport,Burma,Asia/Rangoon
KHN,Nanchang Changbei International Airport,China,Asia/Shanghai
KHS,Khasab Air Base,Oman,Asia/Muscat
KHT,Khost Airport,Afghanistan,Asia/Kabul
KHV,Khabarovsk-Novy Airport,Russia,Asia/Vladivostok
KHW,Khwai River Lodge Airport,Botswana,Africa/Gaborone
KHY,Khoy Airport,Iran,Asia/Tehran
KHZ,Kauehi Airport,French Polynesia,
KID,Kristianstad Airport,Sweden,Europe/Stockholm
KIF,Kingfisher Lake Airport,Canada,America/Toronto
KIH,Kish International Airport,Iran,Asia/Tehran
KIJ,Niigata Airport,Japan,Asia/Tokyo
KIK,Kirkuk Air Base,Iraq,Asia/Baghdad
KIM,Kimberley Airport,South Africa,Africa/Johannesburg
KIN,Norman Manley International Airport,Jamaica,America/Jamaica
KIO,Kili Airport,Marshall Islands,Pacific/Majuro
KIR,Kerry Airport,Ireland,Europe/Dublin
KIS,Kisumu Airport,Kenya,Africa/Nairobi
KIT,Kithira Airport,Greece,Europe/Athens
KIV,Chişinău International Airport,Moldova,Europe/Chisinau
KIW,Southdowns Airport,Zambia,Africa/Lusaka
KIX,Kansai International Airport,Japan,Asia/Tokyo
KIY,Kilwa Masoko Airport,Tanzania,
KJA,Yemelyanovo Airport,Russia,Asia/Krasnoyarsk
KJH,Kaili Airport,China,
KJI,Kanas Airport,China,Asia/Shanghai
KJK,Wevelgem Airport,Belgium,Europe/Brussels
KJP,Kerama Airport,Japan,Asia/Tokyo
KKA,Koyuk Alfred Adams Airport,United States,America/Anchorage
KKC,Khon Kaen Airport,Thailand,Asia/Bangkok
KKE,Kerikeri Airport,New Zealand,Pacific/Auckland
KKH,Kongiganak Airport,United States,America/Anchorage
KKJ,Kitakyūshū Airport,Japan,Asia/Tokyo
KKN,Kirkenes Airport (Høybuktmoen),Norway,Europe/Oslo
KKR,Kaukura Airport,French Polynesia,Pacific/Tahiti
KKS,Kashan Airport,Iran,Asia/Tehran
KKW,Kikwit Airport,Congo (Kinshasa),Africa/Kinshasa
KKX,Kikai Airport,Japan,Asia/Tokyo
KLC,Kaolack Airport,Senegal,Africa/Dakar
KLD,Migalovo Air Base,Russia,Europe/Moscow
KLF,Grabtsevo Airport,Russia,Europe/Moscow
KLG,Kalskag Airport,United States,America/Anchorage
KLH,Kolhapur Airport,India,Asia/Calcutta
KLI,Kotakoli Airport,Congo (Kinshasa),Africa/Kinshasa
KLJ,Klaipėda Airport,Lithuania,
KLM,Kalaleh Airport,Iran,Asia/Tehran
KLN,Larsen Bay Airport,United States,America/Anchorage
KLO,Kalibo International Airport,Philippines,Asia/Manila
KLR,Kalmar Airport,Sweden,Europe/Stockholm
KLS,Southwest Washington Regional Airport,United States,America/Los_Angeles
KLU,Klagenfurt Airport,Austria,Europe/Vienna
KLV,Karlovy Vary International Airport,Czech Republic,Europe/Prague
KLW,Klawock Airport,United States,America/Anchorage
KLX,Kalamata Airport,Greece,Europe/Athens
KLZ,Kleinsee Airport,South Africa,Africa/Johannesburg
KMA,Kerema Airport,Papua New Guinea,Pacific/Port_Moresby
KMC,King Khaled Military City Airport,Saudi Arabia,Asia/Riyadh
KME,Kamembe Airport,Rwanda,Africa/Kigali
KMG,Kunming Changshui International Airport,China,Asia/Shanghai
KMH,Johan Pienaar Airport,South Africa,Africa/Johannesburg
KMI,Miyazaki Airport,Japan,Asia/Tokyo
KMJ,Kumamoto Airport,Japan,Asia/Tokyo
KMN,Kamina Base Airport,Congo (Kinshasa),Africa/Lubumbashi
KMO,Manokotak Airport,United States,America/Anchorage
KMP,Keetmanshoop Airport,Namibia,Africa/Windhoek
KMQ,Komatsu Airport,Japan,Asia/Tokyo
KMS,Kumasi Airport,Ghana,Africa/Accra
KMU,Kisimayu Airport,Somalia,Africa/Mogadishu
KMV,Kalay Airport,Myanmar,Asia/Rangoon
KMW,Kostroma Sokerkino Airport,Russia,Europe/Moscow
KMX,King Khaled Air Base,Saudi Arabia,
KNA,Viña del mar Airport,Chile,America/Santiago
KND,Kindu Airport,Congo (Kinshasa),Africa/Lubumbashi
KNF,RAF Marham,United Kingdom,Europe/London
KNG,Kaimana Airport,Indonesia,Asia/Jayapura
KNH,Kinmen Airport,Taiwan,Asia/Taipei
KNO,Kualanamu International Airport,Indonesia,Asia/Jakarta
KNP,Capanda Airport,Angola,Africa/Luanda
KNQ,Koné Airport,New Caledonia,Pacific/Noumea
KNR,Jam Airport,Iran,
KNS,King Island Airport,Australia,Australia/Melbourne
KNU,Kanpur Airport,India,Asia/Calcutta
KNW,New Stuyahok Airport,United States,America/Anchorage
KNX,Kununurra Airport,Australia,Australia/Perth
KOA,Ellison Onizuka Kona International At Keahole Airport,United States,Pacific/Honolulu
KOC,Koumac Airport,New Caledonia,Pacific/Noumea
KOE,El Tari Airport,Indonesia,Asia/Makassar
KOI,Kirkwall Airport,United Kingdom,Europe/London
KOJ,Kagoshima Airport,Japan,Asia/Tokyo
KOK,Kokkola-Pietarsaari Airport,Finland,Europe/Helsinki
KOO,Kongolo Airport,Congo (Kinshasa),
KOP,Nakhon Phanom Airport,Thailand,Asia/Bangkok
KOQ,Köthen Airport,Germany,Europe/Berlin
KOS,Sihanoukville International Airport,Cambodia,Asia/Phnom_Penh
KOT,Kotlik Airport,United States,America/Anchorage
KOU,Koulamoutou Mabimbi Airport,Gabon,Africa/Libreville
KOV,Kokshetau Airport,Kazakhstan,Asia/Qyzylorda
KOW,Ganzhou Airport,China,Asia/Shanghai
KOX,Kokonau Airport,Indonesia,
KPC,Port Clarence Coast Guard Station,United States,America/Anchorage
KPN,Kipnuk Airport,United States,America/Anchorage
KPO,Pohang Airport (G-815/K-3),South Korea,Asia/Seoul
KPS,Kempsey Airport,Australia,
KPV,Perryville Airport,United States,America/Anchorage
KQA,Akutan Seaplane Base,United States,America/Anchorage
KQH,Kishangarh Airport,India,
KQT,Qurghonteppa International Airport,Tajikistan,Asia/Dushanbe
KRA,Kerang Airport,Australia,
KRB,Karumba Airport,Australia,Australia/Brisbane
KRC,Departi Parbo Airport,Indonesia,
KRF,Kramfors Sollefteå Airport,Sweden,Europe/Stockholm
KRH,Redhill Aerodrome,United Kingdom,Europe/London
KRI,Kikori Airport,Papua New Guinea,Pacific/Port_Moresby
KRK,Kraków John Paul II International Airport,Poland,Europe/Warsaw
KRL,Korla Airport,China,Asia/Shanghai
KRN,Kiruna Airport,Sweden,Europe/Stockholm
KRO,Kurgan Airport,Russia,Asia/Yekaterinburg
KRP,Karup Airport,Denmark,Europe/Copenhagen
KRQ,Kramatorsk Airport,Ukraine,
KRR,Krasnodar Pashkovsky International Airport,Russia,Europe/Moscow
KRS,Kristiansand Airport,Norway,Europe/Oslo
KRT,Khartoum International Airport,Sudan,Africa/Khartoum
KRW,Turkmenbashi Airport,Turkmenistan,Asia/Ashgabat
KRY,Karamay Airport,China,Asia/Shanghai
KRZ,Basango Mboliasa Airport,Congo (Kinshasa),Africa/Kinshasa
KSA,Kosrae International Airport,Micronesia,Pacific/Kosrae
KSC,Košice Airport,Slovakia,Europe/Bratislava
KSD,Karlstad Airport,Sweden,Europe/Stockholm
KSE,Kasese Airport,Uganda,
KSF,Kassel-Calden Airport,Germany,Europe/Berlin
KSH,Shahid Ashrafi Esfahani Airport,Iran,Asia/Tehran
KSI,Kissidougou Airport,Guinea,Africa/Conakry
KSJ,Kasos Airport,Greece,Europe/Athens
KSK,Karlskoga Airport,Sweden,Europe/Stockholm
KSL,Kassala Airport,Sudan,Africa/Khartoum
KSM,St Mary's Airport,United States,America/Anchorage
KSN,Kostanay West Airport,Kazakhstan,Asia/Qyzylorda
KSO,Kastoria National Airport,Greece,Europe/Athens
KSQ,Karshi Khanabad Airport,Uzbekistan,Asia/Samarkand
KSS,Sikasso Airport,Mali,Africa/Bamako
KSU,Kristiansund Airport (Kvernberget),Norway,Europe/Oslo
KSY,Kars Airport,Turkey,Europe/Istanbul
KSZ,Kotlas Airport,Russia,Europe/Moscow
KTA,Karratha Airport,Australia,Australia/Perth
KTD,Kitadaito Airport,Japan,Asia/Tokyo
KTE,Kerteh Airport,Malaysia,Asia/Kuala_Lumpur
KTF,Takaka Airport,New Zealand,Pacific/Auckland
KTG,Ketapang(Rahadi Usman) Airport,Indonesia,Asia/Jakarta
KTI,Kratie Airport,Cambodia,Asia/Phnom_Penh
KTL,Kitale Airport,Kenya,Africa/Nairobi
KTM,Tribhuvan International Airport,Nepal,Asia/Katmandu
KTN,Ketchikan International Airport,United States,America/Anchorage
KTP,Tinson Pen Airport,Jamaica,America/Jamaica
KTQ,Kitee Airport,Finland,Europe/Helsinki
KTR,Tindal Airport,Australia,Australia/Darwin
KTS,Brevig Mission Airport,United States,America/Anchorage
KTT,Kittilä Airport,Finland,Europe/Helsinki
KTU,Kota Airport,India,Asia/Calcutta
KTW,Katowice International Airport,Poland,Europe/Warsaw
KUA,Kuantan Airport,Malaysia,Asia/Kuala_Lumpur
KUC,Kuria Airport,Kiribati,Pacific/Tarawa
KUD,Kudat Airport,Malaysia,Asia/Kuala_Lumpur
KUF,Kurumoch International Airport,Russia,Europe/Samara
KUG,Kubin Airport,Australia,Australia/Brisbane
KUH,Kushiro Airport,Japan,Asia/Tokyo
KUK,Kasigluk Airport,United States,America/Anchorage
KUL,Kuala Lumpur International Airport,Malaysia,Asia/Kuala_Lumpur
KUM,Yakushima Airport,Japan,Asia/Tokyo
KUN,Kaunas International Airport,Lithuania,Europe/Vilnius
KUO,Kuopio Airport,Finland,Europe/Helsinki
KUT,Kopitnari Airport,Georgia,Asia/Tbilisi
KUU,Kullu Manali Airport,India,Asia/Calcutta
KUV,Kunsan Air Base,South Korea,Asia/Seoul
KVA,Alexander the Great International Airport,Greece,Europe/Athens
KVB,Skövde Airport,Sweden,Europe/Stockholm
KVC,King Cove Airport,United States,America/Anchorage
KVD,Ganja Airport,Azerbaijan,Asia/Baku
KVG,Kavieng Airport,Papua New Guinea,Pacific/Port_Moresby
KVK,Kirovsk-Apatity Airport,Russia,Europe/Moscow
KVL,Kivalina Airport,United States,America/Anchorage
KVM,Markovo Airport,Russia,Asia/Anadyr
KVR,Kavalerovo Airport,Russia,Asia/Vladivostok
KVX,Pobedilovo Airport,Russia,Europe/Moscow
KWA,Bucholz Army Air Field,Marshall Islands,Pacific/Majuro
KWB,Dewadaru - Kemujan Island,Indonesia,
KWE,Longdongbao Airport,China,Asia/Shanghai
KWG,Kryvyi Rih International Airport,Ukraine,Europe/Kiev
KWI,Kuwait International Airport,Kuwait,Asia/Kuwait
KWJ,Gwangju Airport,South Korea,Asia/Seoul
KWK,Kwigillingok Airport,United States,America/Anchorage
KWL,Guilin Liangjiang International Airport,China,Asia/Shanghai
KWM,Kowanyama Airport,Australia,Australia/Brisbane
KWN,Quinhagak Airport,United States,America/Anchorage
KWT,Kwethluk Airport,United States,America/Anchorage
KWZ,Kolwezi Airport,Congo (Kinshasa),Africa/Lubumbashi
KXE,P C Pelser Airport,South Africa,Africa/Johannesburg
KXF,Koro Island Airport,Fiji,Pacific/Fiji
KXK,Komsomolsk-on-Amur Airport,Russia,Asia/Vladivostok
KYA,Konya Airport,Turkey,Europe/Istanbul
KYD,Lanyu Airport,Taiwan,Asia/Taipei
KYE,Rene Mouawad Air Base,Lebanon,Asia/Beirut
KYI,Yalata Mission Airport,Australia,Australia/Adelaide
KYK,Karluk Airport,United States,America/Anchorage
KYP,Kyaukpyu Airport,Burma,Asia/Rangoon
KYS,Kayes Dag Dag Airport,Mali,Africa/Bamako
KYU,Koyukuk Airport,United States,America/Anchorage
KYZ,Kyzyl Airport,Russia,Asia/Krasnoyarsk
KZC,Kampong Chhnang Airport,Cambodia,Asia/Phnom_Penh
KZF,Kaintiba Airport,Papua New Guinea,
KZG,Flugplatz Kitzingen,Germany,Europe/Berlin
KZI,Filippos Airport,Greece,Europe/Athens
KZN,Kazan International Airport,Russia,Europe/Moscow
KZO,Kzyl-Orda Southwest Airport,Kazakhstan,Asia/Qyzylorda
KZR,Zafer Airport,Turkey,Europe/Istanbul
KZS,Kastelorizo Airport,Greece,Europe/Athens
LAA,Lamar Municipal Airport,United States,America/Denver
LAD,Quatro de Fevereiro Airport,Angola,Africa/Luanda
LAE,Nadzab Airport,Papua New Guinea,Pacific/Port_Moresby
LAF,Purdue University Airport,United States,America/New_York
LAI,Lannion-Côte de Granit Airport,France,Europe/Paris
LAJ,Lages Airport,Brazil,America/Sao_Paulo
LAK,Aklavik/Freddie Carmichael Airport,Canada,America/Edmonton
LAL,Lakeland Linder International Airport,United States,America/New_York
LAM,Los Alamos Airport,United States,America/Denver
LAN,Capital City Airport,United States,America/New_York
LAO,Laoag International Airport,Philippines,Asia/Manila
LAP,Manuel Márquez de León International Airport,Mexico,America/Mazatlan
LAQ,La Abraq Airport,Libya,Africa/Tripoli
LAR,Laramie Regional Airport,United States,America/Denver
LAS,McCarran International Airport,United States,America/Los_Angeles
LAU,Manda Airstrip,Kenya,Africa/Nairobi
LAW,Lawton Fort Sill Regional Airport,United States,America/Chicago
LAX,Los Angeles International Airport,United States,America/Los_Angeles
LAY,Ladysmith Airport,South Africa,Africa/Johannesburg
LAZ,Bom Jesus da Lapa Airport,Brazil,America/Fortaleza
LBA,Leeds Bradford Airport,United Kingdom,Europe/London
LBB,Lubbock Preston Smith International Airport,United States,America/Chicago
LBC,Lübeck Blankensee Airport,Germany,Europe/Berlin
LBD,Khudzhand Airport,Tajikistan,Asia/Dushanbe
LBE,Arnold Palmer Regional Airport,United States,America/New_York
LBF,North Platte Regional Airport Lee Bird Field,United States,America/Chicago
LBG,Paris-Le Bourget Airport,France,Europe/Paris
LBI,Albi-Le Séquestre Airport,France,Europe/Paris
LBJ,Komodo Airport,Indonesia,Asia/Makassar
LBL,Liberal Mid-America Regional Airport,United States,America/Chicago
LBQ,Lambarene Airport,Gabon,Africa/Libreville
LBR,Lábrea Airport,Brazil,America/Boa_Vista
LBS,Labasa Airport,Fiji,Pacific/Fiji
LBT,Lumberton Regional Airport,United States,America/New_York
LBU,Labuan Airport,Malaysia,Asia/Kuala_Lumpur
LBV,Libreville Leon M'ba International Airport,Gabon,Africa/Libreville
LBW,Long Bawan Airport,Indonesia,Asia/Makassar
LBX,Lubang Airport,Philippines,Asia/Manila
LBY,La Baule-Escoublac Airport,France,Europe/Paris
LBZ,Lucapa Airport,Angola,Africa/Luanda
LCA,Larnaca International Airport,Cyprus,Asia/Nicosia
LCC,Lecce Galatina Air Base,Italy,Europe/Rome
LCE,Goloson International Airport,Honduras,America/Tegucigalpa
LCG,A Coruña Airport,Spain,Europe/Madrid
LCH,Lake Charles Regional Airport,United States,America/Chicago
LCJ,Łódź Władysław Reymont Airport,Poland,Europe/Warsaw
LCK,Rickenbacker International Airport,United States,America/New_York
LCL,La Coloma Airport,Cuba,America/Havana
LCQ,Lake City Gateway Airport,United States,America/New_York
LCX,Longyan Guanzhishan Airport,China,Asia/Shanghai
LCY,London City Airport,United Kingdom,Europe/London
LDB,Governador José Richa Airport,Brazil,America/Sao_Paulo
LDE,Tarbes-Lourdes-Pyrénées Airport,France,Europe/Paris
LDG,Leshukonskoye Airport,Russia,Europe/Moscow
LDH,Lord Howe Island Airport,Australia,Australia/Lord_Howe
LDI,Lindi Airport,Tanzania,Africa/Dar_es_Salaam
LDJ,Linden Airport,United States,America/New_York
LDK,Lidköping-Hovby Airport,Sweden,Europe/Stockholm
LDM,Mason County Airport,United States,
LDN,Lamidanda Airport,Nepal,Asia/Katmandu
LDS,Lindu Airport,China,Asia/Shanghai
LDU,Lahad Datu Airport,Malaysia,Asia/Kuala_Lumpur
LDV,Landivisiau Air Base,France,Europe/Paris
LDX,Saint-Laurent-du-Maroni Airport,French Guiana,America/Cayenne
LDY,City of Derry Airport,United Kingdom,Europe/London
LEA,Learmonth Airport,Australia,Australia/Perth
LEB,Lebanon Municipal Airport,United States,America/New_York
LEC,Coronel Horácio de Mattos Airport,Brazil,America/Fortaleza
LED,Pulkovo Airport,Russia,Europe/Moscow
LEE,Leesburg International Airport,United States,
LEH,Le Havre Octeville Airport,France,Europe/Paris
LEI,Almería International Airport,Spain,Europe/Madrid
LEJ,Leipzig/Halle Airport,Germany,Europe/Berlin
LEK,Tata Airport,Guinea,Africa/Conakry
LEL,Lake Evella Airport,Australia,Australia/Darwin
LEN,Leon Airport,Spain,Europe/Madrid
LEQ,Land's End Airport,United Kingdom,Europe/London
LER,Leinster Airport,Australia,Australia/Perth
LET,Alfredo Vásquez Cobo International Airport,Colombia,America/Bogota
LEU,Pirineus - la Seu d'Urgel Airport,Spain,Europe/Madrid
LEV,Levuka Airfield,Fiji,Pacific/Fiji
LEW,Auburn Lewiston Municipal Airport,United States,America/New_York
LEX,Blue Grass Airport,United States,America/New_York
LEY,Lelystad Airport,Netherlands,Europe/Amsterdam
LFB,Lumbo Airport,Mozambique,Africa/Maputo
LFI,Langley Air Force Base,United States,America/New_York
LFK,Angelina County Airport,United States,America/Chicago
LFM,Lamerd Airport,Iran,Asia/Tehran
LFQ,Linfen Qiaoli Airport,China,
LFR,La Fria Airport,Venezuela,America/Caracas
LFT,Lafayette Regional Airport,United States,America/Chicago
LFW,Lomé-Tokoin Airport,Togo,Africa/Lome
LGA,La Guardia Airport,United States,America/New_York
LGB,Long Beach /Daugherty Field/ Airport,United States,America/Los_Angeles
LGC,LaGrange Callaway Airport,United States,America/New_York
LGD,La Grande/Union County Airport,United States,
LGG,Liège Airport,Belgium,Europe/Brussels
LGH,Leigh Creek Airport,Australia,Australia/Adelaide
LGI,Deadman's Cay Airport,Bahamas,America/Nassau
LGK,Langkawi International Airport,Malaysia,Asia/Kuala_Lumpur
LGL,Long Lellang Airport,Malaysia,Asia/Kuala_Lumpur
LGO,Langeoog Airport,Germany,Europe/Berlin
LGP,Legazpi City International Airport,Philippines,Asia/Manila
LGS,Comodoro D.R. Salomón Airport,Argentina,America/Mendoza
LGU,Logan-Cache Airport,United States,America/Denver
LGW,London Gatwick Airport,United Kingdom,Europe/London
LHA,Lahr Airport,Germany,Europe/Berlin
LHE,Alama Iqbal International Airport,Pakistan,Asia/Karachi
LHG,Lightning Ridge Airport,Australia,Australia/Sydney
LHK,Guangzhou MR Air Base,China,
LHR,London Heathrow Airport,United Kingdom,Europe/London
LHS,Las Heras Airport,Argentina,America/Argentina/Rio_Gallegos
LHV,William T. Piper Memorial Airport,United States,America/New_York
LHW,Lanzhou Zhongchuan Airport,China,Asia/Shanghai
LID,Valkenburg Naval Air Base,Netherlands,Europe/Amsterdam
LIF,Lifou Airport,New Caledonia,Pacific/Noumea
LIG,Limoges Airport,France,Europe/Paris
LIH,Lihue Airport,United States,Pacific/Honolulu
LII,Mulia Airport,Indonesia,Asia/Jayapura
LIL,Lille-Lesquin Airport,France,Europe/Paris
LIM,Jorge Chávez International Airport,Peru,America/Lima
LIN,Milano Linate Airport,Italy,Europe/Rome
LIO,Limon International Airport,Costa Rica,America/Costa_Rica
LIP,Lins Airport,Brazil,America/Sao_Paulo
LIQ,Lisala Airport,Congo (Kinshasa),Africa/Kinshasa
LIR,Daniel Oduber Quiros International Airport,Costa Rica,America/Costa_Rica
LIS,Humberto Delgado Airport (Lisbon Portela Airport),Portugal,Europe/Lisbon
LIT,Bill & Hillary Clinton National Airport/Adams Field,United States,America/Chicago
LIW,Loikaw Airport,Burma,Asia/Rangoon
LIX,Likoma Island Airport,Malawi,Africa/Blantyre
LIY,Wright AAF (Fort Stewart)/Midcoast Regional Airport,United States,America/New_York
LJA,Lodja Airport,Congo (Kinshasa),Africa/Lubumbashi
LJG,Lijiang Airport,China,Asia/Shanghai
LJN,Texas Gulf Coast Regional Airport,United States,America/Chicago
LJU,Ljubljana Jože Pučnik Airport,Slovenia,Europe/Ljubljana
LKB,Lakeba Island Airport,Fiji,Pacific/Fiji
LKG,Lokichoggio Airport,Kenya,Africa/Nairobi
LKH,Long Akah Airport,Malaysia,Asia/Kuala_Lumpur
LKL,Banak Airport,Norway,Europe/Oslo
LKN,Leknes Airport,Norway,Europe/Oslo
LKO,Chaudhary Charan Singh International Airport,India,Asia/Calcutta
LKP,Lake Placid Airport,United States,America/New_York
LKV,Lake County Airport,United States,America/Los_Angeles
LKY,Lake Manyara Airport,Tanzania,Africa/Dar_es_Salaam
LKZ,RAF Lakenheath,United Kingdom,Europe/London
LLA,Luleå Airport,Sweden,Europe/Stockholm
LLB,Libo Airport,China,
LLE,Riverside Airport,South Africa,Africa/Johannesburg
LLF,Lingling Airport,China,Asia/Shanghai
LLI,Lalibella Airport,Ethiopia,Africa/Addis_Ababa
LLK,Lankaran International Airport,Azerbaijan,Asia/Baku
LLU,Alluitsup Paa Heliport,Greenland,America/Godthab
LLV,Lüliang Airport,China,Asia/Shanghai
LLW,Lilongwe International Airport,Malawi,Africa/Blantyre
LLY,South Jersey Regional Airport,United States,America/New_York
LMA,Minchumina Airport,United States,America/Anchorage
LME,Le Mans-Arnage Airport,France,Europe/Paris
LMM,Valle del Fuerte International Airport,Mexico,America/Mazatlan
LMN,Limbang Airport,Malaysia,Asia/Kuala_Lumpur
LMO,RAF Lossiemouth,United Kingdom,Europe/London
LMP,Lampedusa Airport,Italy,Europe/Rome
LMQ,Marsa Brega Airport,Libya,Africa/Tripoli
LMR,Lime Acres Finsch Mine Airport,South Africa,
LMT,Crater Lake-Klamath Regional Airport,United States,America/Los_Angeles
LNA,Palm Beach County Park Airport,United States,America/New_York
LNB,Lamen Bay Airport,Vanuatu,Pacific/Efate
LND,Hunt Field,Germany,America/Denver
LNE,Lonorore Airport,Vanuatu,Pacific/Efate
LNJ,Lintsang Airfield,China,Asia/Shanghai
LNK,Lincoln Airport,United States,America/Chicago
LNL,Longnan Chengzhou Airport,China,
LNN,Willoughby Lost Nation Municipal Airport,United States,America/New_York
LNO,Leonora Airport,Australia,Australia/Perth
LNR,Tri-County Regional Airport,United States,America/Chicago
LNS,Lancaster Airport,United States,America/New_York
LNX,Smolensk North Airport,Russia,
LNY,Lanai Airport,United States,Pacific/Honolulu
LNZ,Linz Hörsching Airport,Austria,Europe/Vienna
LOD,Longana Airport,Vanuatu,Pacific/Efate
LOE,Loei Airport,Thailand,Asia/Bangkok
LOH,Camilo Ponce Enriquez Airport,Ecuador,America/Guayaquil
LOK,Lodwar Airport,Kenya,Africa/Nairobi
LOL,Derby Field,United States,
LOO,Laghouat Airport,Algeria,Africa/Algiers
LOP,Lombok International Airport,Indonesia,Asia/Makassar
LOS,Murtala Muhammed International Airport,Nigeria,Africa/Lagos
LOT,Lewis University Airport,United States,America/Chicago
LOU,Bowman Field,United States,America/New_York
LOV,Monclova International Airport,Mexico,America/Mexico_City
LOZ,London-Corbin Airport/Magee Field,United States,America/New_York
LPA,Gran Canaria Airport,Spain,Atlantic/Canary
LPB,El Alto International Airport,Bolivia,America/La_Paz
LPC,Lompoc Airport,United States,America/Los_Angeles
LPD,La Pedrera Airport,Colombia,America/Bogota
LPF,Liupanshui Yuezhao Airport,China,
LPG,La Plata Airport,Argentina,America/Buenos_Aires
LPI,Linköping City Airport,Sweden,Europe/Stockholm
LPK,Lipetsk Airport,Russia,Europe/Moscow
LPL,Liverpool John Lennon Airport,United Kingdom,Europe/London
LPM,Lamap Airport,Vanuatu,Pacific/Efate
LPP,Lappeenranta Airport,Finland,Europe/Helsinki
LPQ,Luang Phabang International Airport,Laos,Asia/Vientiane
LPS,Lopez Island Airport,United States,America/Los_Angeles
LPT,Lampang Airport,Thailand,Asia/Bangkok
LPU,Long Apung Airport,Indonesia,Asia/Makassar
LPX,Liepāja International Airport,Latvia,Europe/Riga
LPY,Le Puy-Loudes Airport,France,Europe/Paris
LQM,Caucaya Airport,Colombia,America/Bogota
LRA,Larisa Airport,Greece,Europe/Athens
LRD,Laredo International Airport,United States,America/Chicago
LRE,Longreach Airport,Australia,Australia/Brisbane
LRF,Little Rock Air Force Base,United States,America/Chicago
LRH,La Rochelle-Île de Ré Airport,France,Europe/Paris
LRL,Niamtougou International Airport,Togo,Africa/Lome
LRM,Casa De Campo International Airport,Dominican Republic,America/Santo_Domingo
LRR,Lar Airport,Iran,Asia/Tehran
LRS,Leros Airport,Greece,Europe/Athens
LRT,Lorient South Brittany (Bretagne Sud) Airport,France,Europe/Paris
LRU,Las Cruces International Airport,United States,America/Denver
LRV,Los Roques Airport,Venezuela,America/Caracas
LSC,La Florida Airport,Chile,America/Santiago
LSE,La Crosse Municipal Airport,United States,America/Chicago
LSF,Lawson Army Air Field (Fort Benning),United States,America/New_York
LSH,Lashio Airport,Burma,Asia/Rangoon
LSI,Sumburgh Airport,United Kingdom,Europe/London
LSL,Los Chiles Airport,Costa Rica,America/Costa_Rica
LSP,Josefa Camejo International Airport,Venezuela,America/Caracas
LSQ,María Dolores Airport,Chile,America/Santiago
LSS,Terre-de-Haut Airport,Guadeloupe,America/Guadeloupe
LST,Launceston Airport,Australia,Australia/Melbourne
LSV,Nellis Air Force Base,United States,America/Los_Angeles
LSW,Malikus Saleh Airport,Indonesia,Asia/Jakarta
LSX,Lhok Sukon Airport,Indonesia,Asia/Jakarta
LSY,Lismore Airport,Australia,Australia/Sydney
LSZ,Lošinj Island Airport,Croatia,Europe/Zagreb
LTA,Tzaneen Airport,South Africa,Africa/Johannesburg
LTD,Ghadames East Airport,Libya,Africa/Tripoli
LTI,Altai Airport,Mongolia,Asia/Ulaanbaatar
LTK,Bassel Al-Assad International Airport,Syria,Asia/Damascus
LTM,Lethem Airport,Guyana,America/Guyana
LTN,London Luton Airport,United Kingdom,Europe/London
LTO,Loreto International Airport,Mexico,America/Mazatlan
LTQ,Le Touquet-Côte d'Opale Airport,France,Europe/Paris
LTS,Altus Air Force Base,United States,America/Chicago
LTT,La Môle Airport,France,Europe/Paris
LTX,Cotopaxi International Airport,Ecuador,America/Guayaquil
LUA,Lukla Airport,Nepal,Asia/Katmandu
LUC,Laucala Island Airport,Fiji,
LUD,Luderitz Airport,Namibia,Africa/Windhoek
LUF,Luke Air Force Base,United States,America/Phoenix
LUG,Lugano Airport,Switzerland,Europe/Zurich
LUH,Ludhiana Airport,India,Asia/Calcutta
LUK,Cincinnati Municipal Airport Lunken Field,United States,America/New_York
LUM,Mangshi Airport,China,Asia/Shanghai
LUN,Kenneth Kaunda International Airport Lusaka,Zambia,Africa/Lusaka
LUO,Luena Airport,Angola,Africa/Luanda
LUP,Kalaupapa Airport,United States,Pacific/Honolulu
LUQ,Brigadier Mayor D Cesar Raul Ojeda Airport,Argentina,America/Argentina/San_Luis
LUR,Cape Lisburne LRRS Airport,United States,America/Anchorage
LUV,Dumatumbun Airport,Indonesia,Asia/Jayapura
LUW,Syukuran Aminuddin Amir Airport,Indonesia,Asia/Makassar
LUX,Luxembourg-Findel International Airport,Luxembourg,Europe/Luxembourg
LUZ,Lublin Airport,Poland,Europe/Warsaw
LVA,Laval-Entrammes Airport,France,Europe/Paris
LVI,Livingstone Airport,Zambia,Africa/Lusaka
LVK,Livermore Municipal Airport,United States,America/Los_Angeles
LVM,Mission Field,United States,America/Denver
LVO,Laverton Airport,Australia,Australia/Perth
LVP,Lavan Island Airport,Iran,Asia/Tehran
LVS,Las Vegas Municipal Airport,United States,America/Denver
LWB,Greenbrier Valley Airport,United States,America/New_York
LWC,Lawrence Municipal Airport,United States,America/Chicago
LWK,Lerwick / Tingwall Airport,United Kingdom,Europe/London
LWM,Lawrence Municipal Airport,United States,America/New_York
LWN,Gyumri Shirak Airport,Armenia,Asia/Yerevan
LWO,Lviv International Airport,Ukraine,Europe/Kiev
LWR,Leeuwarden Air Base,Netherlands,Europe/Amsterdam
LWS,Lewiston Nez Perce County Airport,United States,America/Los_Angeles
LWT,Lewistown Municipal Airport,United States,America/Denver
LWY,Lawas Airport,Malaysia,Asia/Kuala_Lumpur
LXA,Lhasa Gonggar Airport,China,Asia/Shanghai
LXG,Luang Namtha Airport,Laos,Asia/Vientiane
LXN,Jim Kelly Field,United States,
LXR,Luxor International Airport,Egypt,Africa/Cairo
LXS,Limnos Airport,Greece,Europe/Athens
LYA,Luoyang Airport,China,Asia/Shanghai
LYB,Edward Bodden Airfield,Cayman Islands,America/Cayman
LYC,Lycksele Airport,Sweden,Europe/Stockholm
LYE,RAF Lyneham,United Kingdom,Europe/London
LYG,Lianyungang Airport,China,Asia/Shanghai
LYH,Lynchburg Regional Preston Glenn Field,United States,America/New_York
LYI,Shubuling Airport,China,Asia/Shanghai
LYM,Lympne Airport,United Kingdom,Europe/London
LYN,Lyon-Bron Airport,France,Europe/Paris
LYP,Faisalabad International Airport,Pakistan,Asia/Karachi
LYR,"Svalbard Airport, Longyear",Norway,Arctic/Longyearbyen
LYS,Lyon Saint-Exupéry Airport,France,Europe/Paris
LYU,Ely Municipal Airport,United States,America/Chicago
LYX,Lydd Airport,United Kingdom,Europe/London
LZC,Lázaro Cárdenas Airport,Mexico,America/Mexico_City
LZH,Liuzhou Bailian Airport,China,Asia/Shanghai
LZN,Matsu Nangan Airport,Taiwan,Asia/Taipei
LZO,Luzhou Airport,China,Asia/Shanghai
LZR,Lizard Island Airport,Australia,Australia/Brisbane
LZU,Gwinnett County Briscoe Field,United States,America/New_York
LZY,Nyingchi Airport,China,Asia/Shanghai
MAA,Chennai International Airport,India,Asia/Calcutta
MAB,João Correa da Rocha Airport,Brazil,America/Belem
MAD,Adolfo Suárez Madrid–Barajas Airport,Spain,Europe/Madrid
MAE,Madera Municipal Airport,United States,America/Los_Angeles
MAF,Midland International Airport,United States,America/Chicago
MAG,Madang Airport,Papua New Guinea,Pacific/Port_Moresby
MAH,Menorca Airport,Spain,Europe/Madrid
MAI,Mangochi Airport,Malawi,
MAJ,Marshall Islands International Airport,Marshall Islands,Pacific/Majuro
MAK,Malakal Airport,Sudan,Africa/Juba
MAM,General Servando Canales International Airport,Mexico,America/Mexico_City
MAN,Manchester Airport,United Kingdom,Europe/London
MAO,Eduardo Gomes International Airport,Brazil,America/Boa_Vista
MAQ,Mae Sot Airport,Thailand,Asia/Bangkok
MAR,La Chinita International Airport,Venezuela,America/Caracas
MAS,Momote Airport,Papua New Guinea,Pacific/Port_Moresby
MAT,Tshimpi Airport,Congo (Kinshasa),Africa/Kinshasa
MAU,Maupiti Airport,French Polynesia,Pacific/Tahiti
MAX,Ouro Sogui Airport,Senegal,Africa/Dakar
MAY,Clarence A. Bain Airport,Bahamas,America/Nassau
MAZ,Eugenio Maria De Hostos Airport,Puerto Rico,America/Puerto_Rico
MBA,Mombasa Moi International Airport,Kenya,Africa/Nairobi
MBD,Mmabatho International Airport,South Africa,Africa/Johannesburg
MBE,Monbetsu Airport,Japan,Asia/Tokyo
MBG,Mobridge Municipal Airport,United States,
MBH,Maryborough Airport,Australia,Australia/Brisbane
MBI,Songwe Airport,Tanzania,
MBJ,Sangster International Airport,Jamaica,America/Jamaica
MBL,Manistee Co Blacker Airport,United States,America/New_York
MBO,Mamburao Airport,Philippines,Asia/Manila
MBS,MBS International Airport,United States,America/New_York
MBT,Moises R. Espinosa Airport,Philippines,Asia/Manila
MBU,Babanakira Airport,Solomon Islands,Pacific/Guadalcanal
MBW,Melbourne Moorabbin Airport,Australia,Australia/Hobart
MBX,Maribor Airport,Slovenia,Europe/Ljubljana
MBZ,Maués Airport,Brazil,America/Boa_Vista
MCB,Mc Comb/Pike County Airport/John E Lewis Field,United States,
MCC,Mc Clellan Airfield,United States,America/Los_Angeles
MCE,Merced Regional Macready Field,United States,America/Los_Angeles
MCF,Mac Dill Air Force Base,United States,America/New_York
MCG,McGrath Airport,United States,America/Anchorage
MCH,General Manuel Serrano Airport,Ecuador,America/Guayaquil
MCI,Kansas City International Airport,United States,America/Chicago
MCJ,Jorge Isaac Airport,Colombia,America/Bogota
MCK,Mc Cook Ben Nelson Regional Airport,United States,America/Chicago
MCL,McKinley National Park Airport,United States,America/Anchorage
MCN,Middle Georgia Regional Airport,United States,America/New_York
MCO,Orlando International Airport,United States,America/New_York
MCP,Alberto Alcolumbre Airport,Brazil,America/Fortaleza
MCS,Monte Caseros Airport,Argentina,America/Cordoba
MCT,Muscat International Airport,Oman,Asia/Muscat
MCU,Montluçon-Guéret Airport,France,Europe/Paris
MCV,McArthur River Mine Airport,Australia,Australia/Darwin
MCW,Mason City Municipal Airport,United States,America/Chicago
MCX,Uytash Airport,Russia,Europe/Moscow
MCY,Sunshine Coast Airport,Australia,Australia/Brisbane
MCZ,Zumbi dos Palmares Airport,Brazil,America/Fortaleza
MDC,Sam Ratulangi Airport,Indonesia,Asia/Makassar
MDE,Jose Maria Córdova International Airport,Colombia,America/Bogota
MDG,Mudanjiang Hailang International Airport,China,Asia/Shanghai
MDH,Southern Illinois Airport,United States,
MDI,Makurdi Airport,Nigeria,Africa/Lagos
MDK,Mbandaka Airport,Congo (Kinshasa),Africa/Kinshasa
MDL,Mandalay International Airport,Burma,Asia/Rangoon
MDQ,Ástor Piazzola International Airport,Argentina,America/Buenos_Aires
MDS,Middle Caicos Airport,Turks and Caicos Islands,America/Grand_Turk
MDT,Harrisburg International Airport,United States,America/New_York
MDU,Mendi Airport,Papua New Guinea,Pacific/Port_Moresby
MDW,Chicago Midway International Airport,United States,America/Chicago
MDY,Henderson Field,Midway Islands,Pacific/Midway
MDZ,El Plumerillo Airport,Argentina,America/Mendoza
MEA,Macaé Airport,Brazil,America/Sao_Paulo
MEB,Melbourne Essendon Airport,Australia,Australia/Hobart
MEC,Eloy Alfaro International Airport,Ecuador,America/Guayaquil
MED,Prince Mohammad Bin Abdulaziz Airport,Saudi Arabia,Asia/Riyadh
MEE,Maré Airport,New Caledonia,Pacific/Noumea
MEG,Malanje Airport,Angola,Africa/Luanda
MEH,Mehamn Airport,Norway,Europe/Oslo
MEI,Key Field,United States,America/Chicago
MEK,Bassatine Airport,Morocco,Africa/Casablanca
MEL,Melbourne International Airport,Australia,Australia/Hobart
MEM,Memphis International Airport,United States,America/Chicago
MEN,Mende-Brenoux Airfield,France,Europe/Paris
MEO,Dare County Regional Airport,United States,America/New_York
MEQ,Seunagan Airport,Indonesia,
MER,Castle Airport,United States,America/Los_Angeles
MES,Soewondo Air Force Base,Indonesia,Asia/Jakarta
MEU,Monte Dourado Airport,Brazil,America/Belem
MEX,Licenciado Benito Juarez International Airport,Mexico,America/Mexico_City
MEY,Meghauli Airport,Nepal,Asia/Katmandu
MFA,Mafia Island Airport,Tanzania,Africa/Dar_es_Salaam
MFD,Mansfield Lahm Regional Airport,United States,America/New_York
MFE,Mc Allen Miller International Airport,United States,America/Chicago
MFG,Muzaffarabad Airport,Pakistan,Asia/Karachi
MFI,Marshfield Municipal Airport,United States,America/Chicago
MFJ,Moala Airport,Fiji,Pacific/Fiji
MFK,Matsu Beigan Airport,Taiwan,Asia/Taipei
MFM,Macau International Airport,Macau,Asia/Macau
MFN,Milford Sound Airport,New Zealand,Pacific/Auckland
MFQ,Maradi Airport,Niger,Africa/Niamey
MFR,Rogue Valley International Medford Airport,United States,America/Los_Angeles
MFU,Mfuwe Airport,Zambia,Africa/Lusaka
MFX,Méribel Altiport,France,Europe/Paris
MGA,Augusto C. Sandino (Managua) International Airport,Nicaragua,America/Managua
MGB,Mount Gambier Airport,Australia,Australia/Adelaide
MGC,Michigan City Municipal Airport,United States,America/Chicago
MGE,Dobbins Air Reserve Base,United States,America/New_York
MGF,Regional de Maringá - Sílvio Nane Junior Airport,Brazil,America/Sao_Paulo
MGH,Margate Airport,South Africa,Africa/Johannesburg
MGJ,Orange County Airport,United States,America/New_York
MGL,Mönchengladbach Airport,Germany,Europe/Berlin
MGM,Montgomery Regional (Dannelly Field) Airport,United States,America/Chicago
MGN,Baracoa Airport,Colombia,America/Bogota
MGQ,Aden Adde International Airport,Somalia,Africa/Mogadishu
MGS,Mangaia Island Airport,Cook Islands,Pacific/Rarotonga
MGT,Milingimbi Airport,Australia,Australia/Darwin
MGW,Morgantown Municipal Walter L. Bill Hart Field,United States,America/New_York
MGY,Dayton-Wright Brothers Airport,United States,America/New_York
MGZ,Myeik Airport,Burma,Asia/Rangoon
MHA,Mahdia Airport,Guyana,America/Guyana
MHC,Mocopulli Airport,Chile,America/Santiago
MHD,Mashhad International Airport,Iran,Asia/Tehran
MHE,Mitchell Municipal Airport,United States,
MHG,Mannheim-City Airport,Germany,Europe/Berlin
MHH,Leonard M Thompson International Airport,Bahamas,America/Nassau
MHK,Manhattan Regional Airport,United States,America/Chicago
MHP,Minsk 1 Airport,Belarus,Europe/Minsk
MHQ,Mariehamn Airport,Finland,Europe/Mariehamn
MHR,Sacramento Mather Airport,United States,America/Los_Angeles
MHT,Manchester-Boston Regional Airport,United States,America/New_York
MHU,Mount Hotham Airport,Australia,Australia/Hobart
MHV,Mojave Airport,United States,America/Los_Angeles
MHX,Manihiki Island Airport,Cook Islands,Pacific/Rarotonga
MHZ,RAF Mildenhall,United Kingdom,Europe/London
MIA,Miami International Airport,United States,America/New_York
MIB,Minot Air Force Base,United States,America/Chicago
MID,Licenciado Manuel Crescencio Rejon Int Airport,Mexico,America/Mexico_City
MIE,Delaware County Johnson Field,United States,America/New_York
MIG,Mianyang Airport,China,Asia/Shanghai
MII,Frank Miloye Milenkowichi–Marília State Airport,Brazil,America/Sao_Paulo
MIJ,Mili Island Airport,Marshall Islands,Pacific/Majuro
MIK,Mikkeli Airport,Finland,Europe/Helsinki
MIM,Merimbula Airport,Australia,Australia/Sydney
MIP,Ramon Air Base,Israel,Asia/Jerusalem
MIR,Monastir Habib Bourguiba International Airport,Tunisia,Africa/Tunis
MIS,Misima Island Airport,Papua New Guinea,Pacific/Port_Moresby
MIU,Maiduguri International Airport,Nigeria,Africa/Lagos
MIV,Millville Municipal Airport,United States,America/New_York
MJA,Manja Airport,Madagascar,Indian/Antananarivo
MJC,Man Airport,Cote d'Ivoire,Africa/Abidjan
MJD,Moenjodaro Airport,Pakistan,Asia/Karachi
MJF,Mosjøen Airport (Kjærstad),Norway,Europe/Oslo
MJI,Mitiga Airport,Libya,Africa/Tripoli
MJK,Shark Bay Airport,Australia,Australia/Perth
MJL,Mouilla Ville Airport,Gabon,Africa/Libreville
MJM,Mbuji Mayi Airport,Congo (Kinshasa),Africa/Lubumbashi
MJN,Amborovy Airport,Madagascar,Indian/Antananarivo
MJT,Mytilene International Airport,Greece,Europe/Athens
MJV,San Javier Airport,Spain,Europe/Madrid
MJZ,Mirny Airport,Russia,Asia/Yakutsk
MKC,Charles B. Wheeler Downtown Airport,United States,America/Chicago
MKE,General Mitchell International Airport,United States,America/Chicago
MKG,Muskegon County Airport,United States,America/New_York
MKK,Molokai Airport,United States,Pacific/Honolulu
MKL,McKellar-Sipes Regional Airport,United States,America/Chicago
MKM,Mukah Airport,Malaysia,Asia/Kuala_Lumpur
MKP,Makemo Airport,French Polynesia,Pacific/Tahiti
MKQ,Mopah Airport,Indonesia,Asia/Jayapura
MKR,Meekatharra Airport,Australia,Australia/Perth
MKS,Mekane Selam Airport,Ethiopia,Africa/Addis_Ababa
MKU,Makokou Airport,Gabon,Africa/Libreville
MKW,Rendani Airport,Indonesia,Asia/Jayapura
MKY,Mackay Airport,Australia,Australia/Brisbane
MKZ,Malacca Airport,Malaysia,Asia/Kuala_Lumpur
MLA,Malta International Airport,Malta,Europe/Malta
MLB,Melbourne International Airport,United States,America/New_York
MLC,Mc Alester Regional Airport,United States,America/Chicago
MLE,Malé International Airport,Maldives,Indian/Maldives
MLG,Abdul Rachman Saleh Airport,Indonesia,Asia/Jakarta
MLI,Quad City International Airport,United States,America/Chicago
MLL,Marshall Don Hunter Sr Airport,United States,America/Anchorage
MLM,General Francisco J. Mujica International Airport,Mexico,America/Mexico_City
MLN,Melilla Airport,Spain,Europe/Madrid
MLO,Milos Airport,Greece,Europe/Athens
MLS,Frank Wiley Field,United States,America/Denver
MLU,Monroe Regional Airport,United States,America/Chicago
MLW,Spriggs Payne Airport,Liberia,Africa/Monrovia
MLX,Malatya Erhaç Airport,Turkey,Europe/Istanbul
MLY,Manley Hot Springs Airport,United States,America/Anchorage
MLZ,Cerro Largo International Airport,Uruguay,
MMB,Memanbetsu Airport,Japan,Asia/Tokyo
MMD,Minami-Daito Airport,Japan,Asia/Tokyo
MME,Durham Tees Valley Airport,United Kingdom,Europe/London
MMG,Mount Magnet Airport,Australia,Australia/Perth
MMH,Mammoth Yosemite Airport,United States,America/Los_Angeles
MMI,McMinn County Airport,United States,America/New_York
MMJ,Matsumoto Airport,Japan,Asia/Tokyo
MMK,Murmansk Airport,Russia,Europe/Moscow
MMO,Maio Airport,Cape Verde,Atlantic/Cape_Verde
MMT,Mc Entire Joint National Guard Base,United States,
MMU,Morristown Municipal Airport,United States,America/New_York
MMX,Malmö Sturup Airport,Sweden,Europe/Stockholm
MMY,Miyako Airport,Japan,Asia/Tokyo
MMZ,Maimana Airport,Afghanistan,Asia/Kabul
MNA,Melangguane Airport,Indonesia,
MNB,Muanda Airport,Congo (Kinshasa),Africa/Kinshasa
MNC,Nacala Airport,Mozambique,Africa/Maputo
MNF,Mana Island Airport,Fiji,Pacific/Fiji
MNG,Maningrida Airport,Australia,Australia/Darwin
MNH,Rustaq Airport,Oman,
MNI,John A. Osborne Airport,Montserrat,America/Montserrat
MNJ,Mananjary Airport,Madagascar,Indian/Antananarivo
MNK,Maiana Airport,Kiribati,Pacific/Tarawa
MNL,Ninoy Aquino International Airport,Philippines,Asia/Manila
MNM,Menominee Regional Airport,United States,America/Chicago
MNR,Mongu Airport,Zambia,Africa/Lusaka
MNS,Mansa Airport,Zambia,
MNU,Mawlamyine Airport,Burma,Asia/Rangoon
MNX,Manicoré Airport,Brazil,America/Boa_Vista
MNY,Mono Airport,Solomon Islands,Pacific/Guadalcanal
MNZ,Manassas Regional Airport/Harry P. Davis Field,United States,America/New_York
MOA,Orestes Acosta Airport,Cuba,America/Havana
MOB,Mobile Regional Airport,United States,America/Chicago
MOC,Mário Ribeiro Airport,Brazil,America/Sao_Paulo
MOD,Modesto City Co-Harry Sham Field,United States,America/Los_Angeles
MOE,Momeik Airport,Burma,Asia/Rangoon
MOF,Maumere(Wai Oti) Airport,Indonesia,Asia/Makassar
MOG,Mong Hsat Airport,Burma,Asia/Rangoon
MOI,Mitiaro Island Airport,Cook Islands,Pacific/Rarotonga
MOJ,Moengo Airstrip,Suriname,America/Paramaribo
MOL,Molde Airport,Norway,Europe/Oslo
MON,Mount Cook Airport,New Zealand,Pacific/Auckland
MOO,Moomba Airport,Australia,Australia/Adelaide
MOQ,Morondava Airport,Madagascar,Indian/Antananarivo
MOT,Minot International Airport,United States,America/Chicago
MOU,Mountain Village Airport,United States,America/Anchorage
MOV,Moranbah Airport,Australia,Australia/Brisbane
MOZ,Moorea Airport,French Polynesia,Pacific/Tahiti
MPA,Katima Mulilo Airport,Namibia,Africa/Windhoek
MPH,Godofredo P. Ramos Airport,Philippines,Asia/Manila
MPK,Mokpo Heliport,South Korea,Asia/Seoul
MPL,Montpellier-Méditerranée Airport,France,Europe/Paris
MPM,Maputo Airport,Mozambique,Africa/Maputo
MPN,Mount Pleasant Airport,Falkland Islands,Atlantic/Stanley
MPO,Pocono Mountains Municipal Airport,United States,
MPV,Edward F Knapp State Airport,United States,America/New_York
MPW,Mariupol International Airport,Ukraine,Europe/Kiev
MPY,Maripasoula Airport,French Guiana,America/Cayenne
MQC,Miquelon Airport,Saint Pierre and Miquelon,America/Miquelon
MQF,Magnitogorsk International Airport,Russia,Asia/Yekaterinburg
MQH,Minaçu Airport,Brazil,America/Sao_Paulo
MQJ,Moma Airport,Russia,Asia/Srednekolymsk
MQL,Mildura Airport,Australia,Australia/Hobart
MQM,Mardin Airport,Turkey,Europe/Istanbul
MQN,"Mo i Rana Airport, Røssvoll",Norway,Europe/Oslo
MQP,Kruger Mpumalanga International Airport,South Africa,Africa/Johannesburg
MQQ,Moundou Airport,Chad,Africa/Ndjamena
MQS,Mustique Airport,Saint Vincent and the Grenadines,America/St_Vincent
MQT,Sawyer International Airport,United States,America/New_York
MQU,Mariquita Airport,Colombia,America/Bogota
MQX,Mekele Airport,Ethiopia,Africa/Addis_Ababa
MQY,Smyrna Airport,United States,America/Chicago
MRB,Eastern WV Regional Airport/Shepherd Field,United States,America/New_York
MRD,Alberto Carnevalli Airport,Venezuela,America/Caracas
MRE,Mara Serena Lodge Airstrip,Kenya,Africa/Nairobi
MRF,Marfa Municipal Airport,United States,
MRG,Mareeba Airport,Australia,
MRI,Merrill Field,United States,America/Anchorage
MRK,Marco Island Executive Airport,United States,America/New_York
MRN,Foothills Regional Airport,United States,America/New_York
MRO,Hood Airport,New Zealand,Pacific/Auckland
MRQ,Marinduque Airport,Philippines,Asia/Manila
MRR,Jose Maria Velasco Ibarra Airport,Ecuador,America/Guayaquil
MRS,Marseille Provence Airport,France,Europe/Paris
MRU,Sir Seewoosagur Ramgoolam International Airport,Mauritius,Indian/Mauritius
MRV,Mineralnyye Vody Airport,Russia,Europe/Moscow
MRW,Lolland Falster Maribo Airport,Denmark,Europe/Copenhagen
MRX,Mahshahr Airport,Iran,Asia/Tehran
MRY,Monterey Peninsula Airport,United States,America/Los_Angeles
MRZ,Moree Airport,Australia,Australia/Sydney
MSA,Muskrat Dam Airport,Canada,America/Winnipeg
MSC,Falcon Field,United States,America/Phoenix
MSE,Kent International Airport,United Kingdom,Europe/London
MSH,Masirah Air Base,Oman,Asia/Muscat
MSJ,Misawa Air Base,Japan,Asia/Tokyo
MSL,Northwest Alabama Regional Airport,United States,America/Chicago
MSN,Dane County Regional Truax Field,United States,America/Chicago
MSO,Missoula International Airport,United States,America/Denver
MSP,Minneapolis-St Paul International/Wold-Chamberlain Airport,United States,America/Chicago
MSQ,Minsk National Airport,Belarus,Europe/Minsk
MSR,Muş Airport,Turkey,Europe/Istanbul
MSS,Massena International Richards Field,United States,America/New_York
MST,Maastricht Aachen Airport,Netherlands,Europe/Amsterdam
MSU,Moshoeshoe I International Airport,Lesotho,Africa/Maseru
MSW,Massawa International Airport,Eritrea,Africa/Asmera
MSY,Louis Armstrong New Orleans International Airport,United States,America/Chicago
MSZ,Namibe Airport,Angola,Africa/Luanda
MTC,Selfridge Air National Guard Base Airport,United States,America/New_York
MTF,Mizan Teferi Airport,Ethiopia,Africa/Addis_Ababa
MTG,Vila Bela da Santíssima Trindade Airport,Brazil,
MTH,The Florida Keys Marathon Airport,United States,America/New_York
MTJ,Montrose Regional Airport,United States,America/Denver
MTK,Makin Island Airport,Kiribati,Pacific/Tarawa
MTL,Maitland Airport,Australia,Australia/Sydney
MTM,Metlakatla Seaplane Base,United States,America/Anchorage
MTN,Martin State Airport,United States,America/New_York
MTP,Montauk Airport,United States,
MTR,Los Garzones Airport,Colombia,America/Bogota
MTS,Matsapha Airport,Swaziland,Africa/Mbabane
MTT,Minatitlán/Coatzacoalcos National Airport,Mexico,America/Mexico_City
MTV,Mota Lava Airport,Vanuatu,Pacific/Efate
MTY,General Mariano Escobedo International Airport,Mexico,America/Mexico_City
MTZ,Bar Yehuda Airfield,Israel,Asia/Jerusalem
MUA,Munda Airport,Solomon Islands,Pacific/Guadalcanal
MUB,Maun Airport,Botswana,Africa/Gaborone
MUC,Munich Airport,Germany,Europe/Berlin
MUD,Mueda Airport,Mozambique,Africa/Maputo
MUE,Waimea Kohala Airport,United States,Pacific/Honolulu
MUH,Mersa Matruh Airport,Egypt,Africa/Cairo
MUI,Muir Army Air Field (Fort Indiantown Gap) Airport,United States,America/New_York
MUK,Mauke Airport,Cook Islands,Pacific/Rarotonga
MUN,Maturín Airport,Venezuela,America/Caracas
MUO,Mountain Home Air Force Base,United States,America/Denver
MUR,Marudi Airport,Malaysia,Asia/Kuala_Lumpur
MUS,Minami Torishima Airport,Japan,Asia/Tokyo
MUW,Ghriss Airport,Algeria,Africa/Algiers
MUX,Multan International Airport,Pakistan,Asia/Karachi
MUZ,Musoma Airport,Tanzania,Africa/Dar_es_Salaam
MVA,Reykjahlíð Airport,Iceland,Atlantic/Reykjavik
MVB,M'Vengue El Hadj Omar Bongo Ondimba International Airport,Gabon,Africa/Libreville
MVD,Carrasco International /General C L Berisso Airport,Uruguay,America/Montevideo
MVF,Dix-Sept Rosado Airport,Brazil,America/Fortaleza
MVL,Morrisville Stowe State Airport,United States,America/New_York
MVP,Fabio Alberto Leon Bentley Airport,Colombia,America/Bogota
MVQ,Mogilev Airport,Belarus,Europe/Minsk
MVR,Salak Airport,Cameroon,Africa/Douala
MVS,Mucuri Airport,Brazil,America/Fortaleza
MVT,Mataiva Airport,French Polynesia,Pacific/Tahiti
MVV,Megève Airport,France,Europe/Paris
MVW,Skagit Regional Airport,United States,
MVY,Martha's Vineyard Airport,United States,America/New_York
MVZ,Masvingo International Airport,Zimbabwe,Africa/Harare
MWA,Williamson County Regional Airport,United States,America/Chicago
MWC,Lawrence J Timmerman Airport,United States,America/Chicago
MWD,Mianwali Air Base,Pakistan,Asia/Karachi
MWE,Merowe New Airport,Sudan,
MWF,Maewo-Naone Airport,Vanuatu,Pacific/Efate
MWH,Grant County International Airport,United States,America/Los_Angeles
MWK,Tarempa Airport,Indonesia,Asia/Jakarta
MWL,Mineral Wells Airport,United States,America/Chicago
MWQ,Magway Airport,Burma,Asia/Rangoon
MWX,Muan International Airport,South Korea,Asia/Seoul
MWZ,Mwanza Airport,Tanzania,Africa/Dar_es_Salaam
MXB,Andi Jemma Airport,Indonesia,Asia/Makassar
MXF,Maxwell Air Force Base,United States,America/Chicago
MXH,Moro Airport,Papua New Guinea,Pacific/Port_Moresby
MXI,Mati National Airport,Philippines,
MXJ,Minna Airport,Nigeria,Africa/Lagos
MXL,General Rodolfo Sánchez Taboada International Airport,Mexico,America/Tijuana
MXM,Morombe Airport,Madagascar,Indian/Antananarivo
MXN,Morlaix-Ploujean Airport,France,Europe/Paris
MXP,Malpensa International Airport,Italy,Europe/Rome
MXS,Maota Airport,Samoa,Pacific/Apia
MXT,Maintirano Airport,Madagascar,Indian/Antananarivo
MXV,Mörön Airport,Mongolia,Asia/Ulaanbaatar
MXX,Mora Airport,Sweden,Europe/Stockholm
MXZ,Meixian Airport,China,Asia/Shanghai
MYA,Moruya Airport,Australia,Australia/Sydney
MYB,Mayumba Airport,Gabon,Africa/Libreville
MYC,Escuela Mariscal Sucre Airport,Venezuela,America/Caracas
MYD,Malindi Airport,Kenya,Africa/Nairobi
MYE,Miyakejima Airport,Japan,Asia/Tokyo
MYG,Mayaguana Airport,Bahamas,America/Nassau
MYI,Murray Island Airport,Australia,Australia/Brisbane
MYJ,Matsuyama Airport,Japan,Asia/Tokyo
MYL,McCall Municipal Airport,United States,America/Denver
MYP,Mary Airport,Turkmenistan,Asia/Ashgabat
MYQ,Mysore Airport,India,Asia/Calcutta
MYR,Myrtle Beach International Airport,United States,America/New_York
MYT,Myitkyina Airport,Burma,Asia/Rangoon
MYU,Mekoryuk Airport,United States,America/Anchorage
MYV,Yuba County Airport,United States,America/Los_Angeles
MYW,Mtwara Airport,Tanzania,Africa/Dar_es_Salaam
MYY,Miri Airport,Malaysia,Asia/Kuala_Lumpur
MYZ,Monkey Bay Airport,Malawi,
MZB,Mocímboa da Praia Airport,Mozambique,Africa/Maputo
MZG,Makung Airport,Taiwan,Asia/Taipei
MZH,Amasya Merzifon Airport,Turkey,Europe/Istanbul
MZI,Mopti Airport,Mali,Africa/Bamako
MZJ,Pinal Airpark,United States,America/Phoenix
MZK,Marakei Airport,Kiribati,Pacific/Tarawa
MZL,La Nubia Airport,Colombia,America/Bogota
MZM,Metz-Frescaty (BA 128) Air Base,France,Europe/Paris
MZO,Sierra Maestra Airport,Cuba,America/Havana
MZP,Motueka Airport,New Zealand,Pacific/Auckland
MZQ,Mkuze Airport,South Africa,Africa/Johannesburg
MZR,Mazar I Sharif Airport,Afghanistan,Asia/Kabul
MZT,General Rafael Buelna International Airport,Mexico,America/Mazatlan
MZU,Muzaffarpur Airport,India,Asia/Calcutta
MZV,Mulu Airport,Malaysia,Asia/Kuala_Lumpur
MZW,Mecheria Airport,Algeria,Africa/Algiers
NAA,Narrabri Airport,Australia,Australia/Sydney
NAC,Naracoorte Airport,Australia,
NAG,Dr. Babasaheb Ambedkar International Airport,India,Asia/Calcutta
NAH,Naha Airport,Indonesia,Asia/Makassar
NAI,Annai Airport,Guyana,America/Guyana
NAJ,Nakhchivan Airport,Azerbaijan,Asia/Baku
NAK,Nakhon Ratchasima Airport,Thailand,Asia/Bangkok
NAL,Nalchik Airport,Russia,Europe/Moscow
NAM,Namlea Airport,Indonesia,
NAN,Nadi International Airport,Fiji,Pacific/Fiji
NAO,Nanchong Airport,China,Asia/Shanghai
NAP,Naples International Airport,Italy,Europe/Rome
NAQ,Qaanaaq Airport,Greenland,America/Thule
NAS,Lynden Pindling International Airport,Bahamas,America/Nassau
NAT,Governador Aluízio Alves International Airport,Brazil,America/Fortaleza
NAU,Napuka Island Airport,French Polynesia,
NAV,Nevşehir Kapadokya Airport,Turkey,Europe/Istanbul
NAW,Narathiwat Airport,Thailand,Asia/Bangkok
NAY,Beijing Nanyuan Airport,China,Asia/Shanghai
NBC,Begishevo Airport,Russia,Europe/Moscow
NBE,Enfidha - Hammamet International Airport,Tunisia,Africa/Tunis
NBG,New Orleans NAS JRB/Alvin Callender Field,United States,America/Chicago
NBN,Annobón Airport,Equatorial Guinea,
NBO,Jomo Kenyatta International Airport,Kenya,Africa/Nairobi
NBS,Changbaishan Airport,China,Asia/Shanghai
NBW,Leeward Point Field,Cuba,
NBX,Nabire Airport,Indonesia,Asia/Jayapura
NCA,North Caicos Airport,Turks and Caicos Islands,America/Grand_Turk
NCE,Nice-Côte d'Azur Airport,France,Europe/Paris
NCG,Nuevo Casas Grandes Airport,Mexico,America/Mazatlan
NCJ,Sunchales Aeroclub Airport,Argentina,
NCL,Newcastle Airport,United Kingdom,Europe/London
NCN,Chenega Bay Airport,United States,America/Anchorage
NCO,Quonset State Airport,United States,America/New_York
NCR,San Carlos,Nicaragua,America/Managua
NCS,Newcastle Airport,South Africa,Africa/Johannesburg
NCU,Nukus Airport,Uzbekistan,Asia/Samarkand
NCY,Annecy-Haute-Savoie-Mont Blanc Airport,France,Europe/Paris
NDB,Nouadhibou International Airport,Mauritania,Africa/Nouakchott
NDC,Nanded Airport,India,Asia/Calcutta
NDD,Sumbe Airport,Angola,
NDG,Qiqihar Sanjiazi Airport,China,Asia/Shanghai
NDJ,N'Djamena International Airport,Chad,Africa/Ndjamena
NDN,Nadunumu Airport,Papua New Guinea,
NDR,Nador International Airport,Morocco,Africa/Casablanca
NDU,Rundu Airport,Namibia,Africa/Windhoek
NDY,Sanday Airport,United Kingdom,Europe/London
NEC,Necochea Airport,Argentina,America/Buenos_Aires
NEG,Negril Airport,Jamaica,America/Jamaica
NEL,Lakehurst Maxfield Field Airport,United States,America/New_York
NER,Chulman Airport,Russia,Asia/Yakutsk
NEU,Sam Neua Airport,Laos,Asia/Vientiane
NEV,Vance W. Amory International Airport,Saint Kitts and Nevis,America/St_Kitts
NEW,Lakefront Airport,United States,America/Chicago
NFG,Nefteyugansk Airport,Russia,Asia/Yekaterinburg
NFL,Fallon Naval Air Station,United States,America/Los_Angeles
NFO,Mata'aho Airport,Tonga,Pacific/Tongatapu
NGA,Young Airport,Australia,
NGB,Ningbo Lishe International Airport,China,Asia/Shanghai
NGD,Captain Auguste George Airport,British Virgin Islands,
NGE,N'Gaoundéré Airport,Cameroon,Africa/Douala
NGF,Kaneohe Bay MCAS (Marion E. Carl Field) Airport,United States,Pacific/Honolulu
NGI,Ngau Airport,Fiji,Pacific/Fiji
NGK,Nogliki Airport,Russia,
NGO,Chubu Centrair International Airport,Japan,Asia/Tokyo
NGQ,Ngari Gunsa Airport,China,Asia/Shanghai
NGS,Nagasaki Airport,Japan,Asia/Tokyo
NGU,Norfolk Naval Station (Chambers Field),United States,America/New_York
NGX,Manang Airport,Nepal,Asia/Katmandu
NGZ,Alameda Naval Air Station,United States,America/Los_Angeles
NHA,Nha Trang Air Base,Vietnam,Asia/Saigon
NHD,Al Minhad Air Base,United Arab Emirates,Asia/Dubai
NHK,Patuxent River Naval Air Station (Trapnell Field),United States,America/New_York
NHT,RAF Northolt,United Kingdom,Europe/London
NHV,Nuku Hiva Airport,French Polynesia,Pacific/Marquesas
NHZ,Brunswick Executive Airport,United States,
NIB,Nikolai Airport,United States,America/Anchorage
NIG,Nikunau Airport,Kiribati,Pacific/Tarawa
NIM,Diori Hamani International Airport,Niger,Africa/Niamey
NIO,Nioki Airport,Congo (Kinshasa),Africa/Kinshasa
NIP,Jacksonville Naval Air Station (Towers Field),United States,America/New_York
NIS,Simberi Airport,Papua New Guinea,
NIT,Niort-Souché Airport,France,Europe/Paris
NIU,Naiu Airport,French Polynesia,Pacific/Tahiti
NJA,Atsugi Naval Air Facility,Japan,Asia/Tokyo
NJC,Nizhnevartovsk Airport,Russia,Asia/Yekaterinburg
NJF,Al Najaf International Airport,Iraq,Asia/Baghdad
NJK,El Centro NAF Airport (Vraciu Field),United States,America/Los_Angeles
NKB,Noonkanbah Airport,Australia,
NKC,Nouakchott–Oumtounsy International Airport,Mauritania,Africa/Nouakchott
NKG,Nanjing Lukou Airport,China,Asia/Shanghai
NKM,Nagoya Airport,Japan,Asia/Tokyo
NKT,Şırnak Şerafettin Elçi Airport,Turkey,Europe/Istanbul
NKW,Diego Garcia Naval Support Facility,British Indian Ocean Territory,Indian/Chagos
NKX,Miramar Marine Corps Air Station - Mitscher Field,United States,America/Los_Angeles
NLA,Simon Mwansa Kapwepwe International Airport,Zambia,Africa/Lusaka
NLC,Lemoore Naval Air Station (Reeves Field) Airport,United States,America/Los_Angeles
NLD,Quetzalcóatl International Airport,Mexico,America/Mexico_City
NLF,Darnley Island Airport,Australia,Australia/Brisbane
NLG,Nelson Lagoon Airport,United States,America/Anchorage
NLH,Ninglang Luguhu Airport,China,
NLI,Nikolayevsk-na-Amure Airport,Russia,
NLK,Norfolk Island International Airport,Norfolk Island,Pacific/Norfolk
NLO,Ndolo Airport,Congo (Kinshasa),Africa/Kinshasa
NLP,Nelspruit Airport,South Africa,Africa/Johannesburg
NLT,Xinyuan Nalati Airport,China,Asia/Shanghai
NLV,Mykolaiv International Airport,Ukraine,Europe/Kiev
NMA,Namangan Airport,Uzbekistan,Asia/Samarkand
NMB,Daman Airport,India,Asia/Calcutta
NMC,Normans Cay Airport,Bahamas,America/Nassau
NME,Nightmute Airport,United States,America/Anchorage
NMS,Namsang Airport,Burma,Asia/Rangoon
NMT,Namtu Airport,Burma,Asia/Rangoon
NNA,Kenitra Airport,Morocco,Africa/Casablanca
NNB,Santa Ana Airport,Solomon Islands,Pacific/Guadalcanal
NNG,Nanning Wuxu Airport,China,Asia/Shanghai
NNL,Nondalton Airport,United States,America/Anchorage
NNM,Naryan Mar Airport,Russia,Europe/Moscow
NNR,Connemara Regional Airport,Ireland,Europe/Dublin
NNT,Nan Airport,Thailand,Asia/Bangkok
NNX,Nunukan Airport,Indonesia,Asia/Makassar
NNY,Nanyang Jiangying Airport,China,Asia/Shanghai
NOA,Nowra Airport,Australia,Australia/Sydney
NOB,Nosara Airport,Costa Rica,America/Costa_Rica
NOC,Ireland West Knock Airport,Ireland,Europe/Dublin
NOD,Norden-Norddeich Airport,Germany,Europe/Berlin
NOG,Nogales International Airport,Mexico,America/Hermosillo
NOJ,Noyabrsk Airport,Russia,Asia/Yekaterinburg
NON,Nonouti Airport,Kiribati,Pacific/Tarawa
NOP,Sinop Airport,Turkey,Europe/Istanbul
NOR,Norðfjörður Airport,Iceland,Atlantic/Reykjavik
NOS,Fascene Airport,Madagascar,Indian/Antananarivo
NOT,Marin County Airport - Gnoss Field,United States,America/Los_Angeles
NOU,La Tontouta International Airport,New Caledonia,Pacific/Noumea
NOV,Nova Lisboa Airport,Angola,Africa/Luanda
NOZ,Spichenkovo Airport,Russia,Asia/Krasnoyarsk
NPA,Pensacola Naval Air Station/Forrest Sherman Field,United States,America/Chicago
NPE,Hawke's Bay Airport,New Zealand,Pacific/Auckland
NPL,New Plymouth Airport,New Zealand,Pacific/Auckland
NPO,Nanga Pinoh Airport,Indonesia,Asia/Jakarta
NPR,Novo Progresso Airport,Brazil,
NQA,Millington-Memphis Airport,United States,America/Chicago
NQI,Kingsville Naval Air Station,United States,America/Chicago
NQN,Presidente Peron Airport,Argentina,America/Argentina/Salta
NQT,Nottingham Airport,United Kingdom,Europe/London
NQU,Reyes Murillo Airport,Colombia,America/Bogota
NQX,Naval Air Station Key West/Boca Chica Field,United States,America/New_York
NQY,Newquay Cornwall Airport,United Kingdom,Europe/London
NRA,Narrandera Airport,Australia,Australia/Sydney
NRB,Naval Station Mayport (Admiral David L. Mcdonald Field),United States,
NRD,Norderney Airport,Germany,Europe/Berlin
NRE,Namrole Airport,Indonesia,
NRK,Norrköping Airport,Sweden,Europe/Stockholm
NRL,North Ronaldsay Airport,United Kingdom,Europe/London
NRN,Weeze Airport,Germany,Europe/Berlin
NRR,José Aponte de la Torre Airport,Puerto Rico,America/Puerto_Rico
NRT,Narita International Airport,Japan,Asia/Tokyo
NSE,Whiting Field Naval Air Station - North,United States,America/Chicago
NSH,Noshahr Airport,Iran,Asia/Tehran
NSI,Yaoundé Nsimalen International Airport,Cameroon,Africa/Douala
NSK,Norilsk-Alykel Airport,Russia,Asia/Krasnoyarsk
NSN,Nelson Airport,New Zealand,Pacific/Auckland
NSO,Scone Airport,Australia,Australia/Sydney
NST,Nakhon Si Thammarat Airport,Thailand,Asia/Bangkok
NSY,Sigonella Navy Air Base,Italy,Europe/Rome
NTB,Notodden Airport,Norway,Europe/Oslo
NTD,Point Mugu Naval Air Station (Naval Base Ventura Co),United States,America/Los_Angeles
NTE,Nantes Atlantique Airport,France,Europe/Paris
NTI,Stenkol Airport,Indonesia,Asia/Jayapura
NTL,Newcastle Airport,Australia,Australia/Sydney
NTN,Normanton Airport,Australia,Australia/Brisbane
NTQ,Noto Airport,Japan,Asia/Tokyo
NTR,Del Norte International Airport,Mexico,America/Mexico_City
NTT,Kuini Lavenia Airport,Tonga,Pacific/Tongatapu
NTU,Oceana Naval Air Station,United States,America/New_York
NTX,Ranai Airport,Indonesia,Asia/Jakarta
NTY,Pilanesberg International Airport,South Africa,Africa/Johannesburg
NUE,Nuremberg Airport,Germany,Europe/Berlin
NUI,Nuiqsut Airport,United States,America/Anchorage
NUK,Nukutavake Airport,French Polynesia,
NUL,Nulato Airport,United States,America/Anchorage
NUQ,Moffett Federal Airfield,United States,America/Los_Angeles
NUS,Norsup Airport,Vanuatu,Pacific/Efate
NUW,Whidbey Island Naval Air Station (Ault Field),United States,America/Los_Angeles
NUX,Novy Urengoy Airport,Russia,Asia/Yekaterinburg
NVA,Benito Salas Airport,Colombia,America/Bogota
NVI,Navoi Airport,Uzbekistan,Asia/Samarkand
NVK,Narvik Framnes Airport,Norway,Europe/Oslo
NVP,Novo Aripuanã Airport,Brazil,America/Boa_Vista
NVS,Nevers-Fourchambault Airport,France,Europe/Paris
NVT,Ministro Victor Konder International Airport,Brazil,America/Sao_Paulo
NWA,Mohéli Bandar Es Eslam Airport,Comoros,Indian/Comoro
NWI,Norwich International Airport,United Kingdom,Europe/London
NXX,Willow Grove Naval Air Station/Joint Reserve Base,United States,America/New_York
NYA,Nyagan Airport,Russia,Asia/Yekaterinburg
NYE,Nyeri Airport,Kenya,Africa/Nairobi
NYI,Sunyani Airport,Ghana,Africa/Accra
NYK,Nanyuki Airport,Kenya,Africa/Nairobi
NYM,Nadym Airport,Russia,Asia/Yekaterinburg
NYO,Stockholm Skavsta Airport,Sweden,Europe/Stockholm
NYR,Nyurba Airport,Russia,
NYT,Naypyidaw Airport,Burma,Asia/Rangoon
NYU,Bagan Airport,Burma,Asia/Rangoon
NYW,Monywar Airport,Burma,Asia/Rangoon
NZA,Nzagi Airport,Angola,Africa/Luanda
NZC,Maria Reiche Neuman Airport,Peru,America/Lima
NZE,Nzérékoré Airport,Guinea,
NZH,Manzhouli Xijiao Airport,China,Asia/Shanghai
NZJ,El Toro Marine Corps Air Station,United States,America/Los_Angeles
NZL,Chengjisihan Airport,China,
NZY,North Island Naval Air Station-Halsey Field,United States,America/Los_Angeles
OAA,Shank Air Base,Afghanistan,Asia/Kabul
OAG,Orange Airport,Australia,Australia/Sydney
OAH,Shindand Airport,Afghanistan,Asia/Kabul
OAI,Bagram Air Base,Afghanistan,Asia/Kabul
OAJ,Albert J Ellis Airport,United States,America/New_York
OAK,Metropolitan Oakland International Airport,United States,America/Los_Angeles
OAL,Cacoal Airport,Brazil,America/Boa_Vista
OAM,Oamaru Airport,New Zealand,Pacific/Auckland
OAR,Marina Municipal Airport,United States,America/Los_Angeles
OAS,Sharana Airstrip,Afghanistan,Asia/Kabul
OAX,Xoxocotlán International Airport,Mexico,America/Mexico_City
OAZ,Camp Bastion Airport,Afghanistan,Asia/Kabul
OBC,Obock Airport,Djibouti,Africa/Djibouti
OBE,Okeechobee County Airport,United States,America/New_York
OBF,Oberpfaffenhofen Airport,Germany,Europe/Berlin
OBL,Zoersel (Oostmalle) Airfield,Belgium,Europe/Brussels
OBN,Oban Airport,United Kingdom,Europe/London
OBO,Tokachi-Obihiro Airport,Japan,Asia/Tokyo
OBS,Aubenas-Ardèche Méridional Airport,France,Europe/Paris
OBU,Kobuk Airport,United States,America/Anchorage
OBY,Ittoqqortoormiit Heliport,Greenland,America/Scoresbysund
OCA,Ocean Reef Club Airport,United States,America/New_York
OCC,Francisco De Orellana Airport,Ecuador,America/Guayaquil
OCF,Ocala International Airport - Jim Taylor Field,United States,America/New_York
OCJ,Boscobel Aerodrome,Jamaica,America/Jamaica
OCM,Boolgeeda,Australia,
OCN,Oceanside Municipal Airport,Australia,America/Los_Angeles
OCV,Aguas Claras Airport,Colombia,America/Bogota
OCW,Warren Field,United States,America/New_York
ODB,Córdoba Airport,Spain,Europe/Madrid
ODE,Odense Airport,Denmark,Europe/Copenhagen
ODH,RAF Odiham,United Kingdom,Europe/London
ODN,Long Seridan Airport,Malaysia,Asia/Kuala_Lumpur
ODO,Bodaybo Airport,Russia,Asia/Irkutsk
ODS,Odessa International Airport,Ukraine,Europe/Kiev
ODY,Oudomsay Airport,Laos,Asia/Vientiane
OEL,Oryol Yuzhny Airport,United States,
OEM,Vincent Fayks Airport,Suriname,America/Paramaribo
OER,Örnsköldsvik Airport,Sweden,Europe/Stockholm
OES,Antoine de Saint Exupéry Airport,Argentina,America/Argentina/Salta
OFF,Offutt Air Force Base,United States,America/Chicago
OFK,Karl Stefan Memorial Airport,United States,
OGB,Orangeburg Municipal Airport,United States,
OGD,Ogden Hinckley Airport,United States,America/Denver
OGG,Kahului Airport,United States,Pacific/Honolulu
OGL,Eugene F. Correira International Airport,Guyana,America/Guyana
OGN,Yonaguni Airport,Japan,Asia/Tokyo
OGS,Ogdensburg International Airport,United States,America/New_York
OGU,Ordu Giresun Airport,Turkey,
OGX,Ain el Beida Airport,Algeria,Africa/Algiers
OGZ,Beslan Airport,Russia,Europe/Moscow
OHA,RNZAF Base Ohakea,New Zealand,Pacific/Auckland
OHD,Ohrid St. Paul the Apostle Airport,Macedonia,Europe/Skopje
OHE,Gu-Lian Airport,China,Asia/Shanghai
OHO,Okhotsk Airport,Russia,Asia/Vladivostok
OHS,Sohar Airport,Oman,
OIA,Ourilândia do Norte Airport,Brazil,America/Belem
OIM,Oshima Airport,Japan,Asia/Tokyo
OIR,Okushiri Airport,Japan,Asia/Tokyo
OIT,Oita Airport,Japan,Asia/Tokyo
OJC,Johnson County Executive Airport,United States,America/Chicago
OKA,Naha Airport,Japan,Asia/Tokyo
OKC,Will Rogers World Airport,United States,America/Chicago
OKD,Okadama Airport,Japan,Asia/Tokyo
OKE,Okierabu Airport,Japan,Asia/Tokyo
OKF,Okaukuejo Airport,Namibia,Africa/Windhoek
OKI,Oki Airport,Japan,Asia/Tokyo
OKJ,Okayama Airport,Japan,Asia/Tokyo
OKK,Kokomo Municipal Airport,United States,
OKL,Oksibil Airport,Indonesia,
OKM,Okmulgee Regional Airport,United States,America/Chicago
OKN,Okondja Airport,Gabon,Africa/Libreville
OKO,Yokota Air Base,Japan,Asia/Tokyo
OKR,Yorke Island Airport,Australia,Australia/Brisbane
OKU,Mokuti Lodge Airport,Namibia,Africa/Windhoek
OKY,Oakey Airport,Australia,Australia/Brisbane
OLA,Ørland Airport,Norway,Europe/Oslo
OLB,Olbia Costa Smeralda Airport,Italy,Europe/Rome
OLC,Senadora Eunice Micheles Airport,Brazil,America/Boa_Vista
OLF,L M Clayton Airport,United States,America/Denver
OLJ,North West Santo Airport,Vanuatu,Pacific/Efate
OLL,Oyo Ollombo Airport,Congo (Brazzaville),
OLM,Olympia Regional Airport,United States,America/Los_Angeles
OLP,Olympic Dam Airport,Australia,Australia/Adelaide
OLS,Nogales International Airport,United States,America/Phoenix
OLV,Olive Branch Airport,United States,America/Chicago
OLZ,Olyokminsk Airport,Russia,Asia/Yakutsk
OMA,Eppley Airfield,United States,America/Chicago
OMB,Omboue Hopital Airport,Gabon,Africa/Libreville
OMC,Ormoc Airport,Philippines,Asia/Manila
OMD,Oranjemund Airport,Namibia,Africa/Windhoek
OME,Nome Airport,United States,America/Anchorage
OMF,King Hussein Air College,Jordan,Asia/Amman
OMH,Urmia Airport,Iran,Asia/Tehran
OMI,Omidiyeh Airport,Iran,Asia/Tehran
OMO,Mostar International Airport,Bosnia and Herzegovina,Europe/Sarajevo
OMR,Oradea International Airport,Romania,Europe/Bucharest
OMS,Omsk Central Airport,Russia,Asia/Omsk
OND,Ondangwa Airport,Namibia,Africa/Windhoek
ONG,Mornington Island Airport,Australia,Australia/Brisbane
ONJ,Odate Noshiro Airport,Japan,Asia/Tokyo
ONK,Olenyok Airport,Russia,Asia/Yakutsk
ONO,Ontario Municipal Airport,United States,America/Denver
ONP,Newport Municipal Airport,United States,America/Los_Angeles
ONQ,Zonguldak Airport,Turkey,Europe/Istanbul
ONS,Onslow Airport,Australia,Australia/Perth
ONT,Ontario International Airport,United States,America/Los_Angeles
ONX,Enrique Adolfo Jimenez Airport,Panama,America/Panama
OOK,Toksook Bay Airport,United States,America/Anchorage
OOL,Gold Coast Airport,Australia,Australia/Brisbane
OOM,Cooma Snowy Mountains Airport,Australia,Australia/Sydney
OPF,Opa-locka Executive Airport,United States,America/New_York
OPO,Francisco de Sá Carneiro Airport,Portugal,Europe/Lisbon
OPS,Presidente João Batista Figueiredo Airport,Brazil,America/Campo_Grande
OPU,Balimo Airport,Papua New Guinea,Pacific/Port_Moresby
ORA,Orán Airport,Argentina,America/Argentina/Salta
ORB,Örebro Airport,Sweden,Europe/Stockholm
ORD,Chicago O'Hare International Airport,United States,America/Chicago
ORE,Orléans-Bricy (BA 123) Air Base,France,Europe/Paris
ORF,Norfolk International Airport,United States,America/New_York
ORG,Zorg en Hoop Airport,Suriname,America/Paramaribo
ORH,Worcester Regional Airport,United States,America/New_York
ORJ,Orinduik Airport,Guyana,America/Guyana
ORK,Cork Airport,Ireland,Europe/Dublin
ORL,Orlando Executive Airport,United States,America/New_York
ORN,Es Senia Airport,Algeria,Africa/Algiers
ORP,Orapa Airport,Botswana,Africa/Gaborone
ORT,Northway Airport,United States,America/Anchorage
ORU,Juan Mendoza Airport,Bolivia,America/La_Paz
ORV,Robert (Bob) Curtis Memorial Airport,United States,America/Anchorage
ORW,Ormara Airport,Pakistan,Asia/Karachi
ORX,Oriximiná Airport,Brazil,America/Belem
ORY,Paris-Orly Airport,France,Europe/Paris
OSC,Oscoda Wurtsmith Airport,United States,America/New_York
OSD,Åre Östersund Airport,Sweden,Europe/Stockholm
OSF,Ostafyevo International Airport,Russia,Europe/Moscow
OSH,Wittman Regional Airport,United States,America/Chicago
OSI,Osijek Airport,Croatia,Europe/Zagreb
OSK,Oskarshamn Airport,Sweden,Europe/Stockholm
OSL,Oslo Lufthavn,Norway,Europe/Oslo
OSM,Mosul International Airport,Iraq,Asia/Baghdad
OSN,Osan Air Base,South Korea,Asia/Seoul
OSP,Redzikowo Air Base,Poland,Europe/Warsaw
OSR,Ostrava Leos Janáček Airport,Czech Republic,Europe/Prague
OSS,Osh Airport,Kyrgyzstan,Asia/Bishkek
OST,Ostend-Bruges International Airport,Belgium,Europe/Brussels
OSU,The Ohio State University Airport - Don Scott Field,United States,America/New_York
OSW,Orsk Airport,Russia,Asia/Yekaterinburg
OSY,Namsos Høknesøra Airport,Norway,Europe/Oslo
OTH,Southwest Oregon Regional Airport,United States,America/Los_Angeles
OTI,Pitu Airport,Indonesia,Asia/Jayapura
OTJ,Otjiwarongo Airport,Namibia,
OTK,Tillamook Airport,United States,America/Los_Angeles
OTM,Ottumwa Regional Airport,United States,
OTP,Henri Coandă International Airport,Romania,Europe/Bucharest
OTR,Coto 47 Airport,Costa Rica,America/Costa_Rica
OTU,Otu Airport,Colombia,America/Bogota
OTZ,Ralph Wien Memorial Airport,United States,America/Anchorage
OUA,Ouagadougou Airport,Burkina Faso,Africa/Ouagadougou
OUD,Angads Airport,Morocco,Africa/Casablanca
OUE,Ouesso Airport,Congo (Kinshasa),Africa/Brazzaville
OUH,Oudtshoorn Airport,South Africa,Africa/Johannesburg
OUK,Outer Skerries Airport,United Kingdom,Europe/London
OUL,Oulu Airport,Finland,Europe/Helsinki
OUZ,Tazadit Airport,Mauritania,Africa/Nouakchott
OVA,Bekily Airport,Madagascar,Indian/Antananarivo
OVB,Tolmachevo Airport,Russia,Asia/Krasnoyarsk
OVD,Asturias Airport,Spain,Europe/Madrid
OVG,Overberg Airport,South Africa,Africa/Johannesburg
OVR,Olavarria Airport,Argentina,America/Buenos_Aires
OVS,Sovetskiy Airport,Russia,Asia/Yekaterinburg
OWB,Owensboro Daviess County Airport,United States,America/Chicago
OWD,Norwood Memorial Airport,United States,America/New_York
OXB,Osvaldo Vieira International Airport,Guinea-Bissau,Africa/Bissau
OXC,Waterbury Oxford Airport,United States,America/New_York
OXF,Oxford (Kidlington) Airport,United Kingdom,Europe/London
OXR,Oxnard Airport,United States,America/Los_Angeles
OYA,Goya Airport,Argentina,America/Cordoba
OYE,Oyem Airport,Gabon,Africa/Libreville
OYK,Oiapoque Airport,Brazil,America/Fortaleza
OYL,Moyale Airport,Kenya,Africa/Nairobi
OYO,Tres Arroyos Airport,Argentina,America/Buenos_Aires
OYP,Saint-Georges-de-l'Oyapock Airport,French Guiana,America/Cayenne
OZA,Ozona Municipal Airport,United States,America/Chicago
OZC,Labo Airport,Philippines,Asia/Manila
OZG,Zagora Airport,Morocco,Africa/Casablanca
OZH,Zaporizhzhia International Airport,Ukraine,Europe/Kiev
OZP,Moron Air Base,Spain,Europe/Madrid
OZR,Cairns AAF (Fort Rucker) Air Field,United States,
OZZ,Ouarzazate Airport,Morocco,Africa/Casablanca
PAA,Hpa-N Airport,Burma,Asia/Rangoon
PAB,Bilaspur Airport,India,Asia/Calcutta
PAC,Marcos A. Gelabert International Airport,Panama,America/Panama
PAD,Paderborn Lippstadt Airport,Germany,Europe/Berlin
PAE,Snohomish County (Paine Field) Airport,United States,America/Los_Angeles
PAG,Pagadian Airport,Philippines,Asia/Manila
PAH,Barkley Regional Airport,United States,America/Chicago
PAJ,Parachinar Airport,Pakistan,Asia/Karachi
PAL,German Olano Air Base,Colombia,
PAM,Tyndall Air Force Base,United States,America/Chicago
PAN,Pattani Airport,Thailand,Asia/Bangkok
PAO,Palo Alto Airport of Santa Clara County,United States,America/Los_Angeles
PAP,Toussaint Louverture International Airport,Haiti,America/Port-au-Prince
PAQ,"Warren ""Bud"" Woods Palmer Municipal Airport",United States,America/Anchorage
PAS,Paros National Airport,Greece,Europe/Athens
PAT,Lok Nayak Jayaprakash Airport,India,Asia/Calcutta
PAV,Paulo Afonso Airport,Brazil,America/Fortaleza
PAX,Port-de-Paix Airport,Haiti,America/Port-au-Prince
PAZ,El Tajín National Airport,Mexico,America/Mexico_City
PBC,Hermanos Serdán International Airport,Mexico,America/Mexico_City
PBD,Porbandar Airport,India,Asia/Calcutta
PBF,"Pine Bluff Regional Airport, Grider Field",United States,America/Chicago
PBG,Plattsburgh International Airport,United States,America/New_York
PBH,Paro Airport,Bhutan,Asia/Thimphu
PBI,Palm Beach International Airport,United States,America/New_York
PBJ,Tavie Airport,Vanuatu,Pacific/Efate
PBL,General Bartolome Salom International Airport,Venezuela,America/Caracas
PBM,Johan Adolf Pengel International Airport,Suriname,America/Paramaribo
PBN,Porto Amboim Airport,Angola,Africa/Luanda
PBO,Paraburdoo Airport,Australia,Australia/Perth
PBP,Islita Airport,Costa Rica,America/Costa_Rica
PBQ,Pimenta Bueno Airport,Brazil,
PBR,Puerto Barrios Airport,Guatemala,America/Guatemala
PBU,Putao Airport,Burma,Asia/Rangoon
PBZ,Plettenberg Bay Airport,South Africa,Africa/Johannesburg
PCB,Pondok Cabe Air Base,Indonesia,Asia/Jakarta
PCD,Prairie Du Chien Municipal Airport,United States,
PCF,Potchefstroom Airport,South Africa,Africa/Johannesburg
PCL,Cap FAP David Abenzur Rengifo International Airport,Peru,America/Lima
PCN,Picton Aerodrome,New Zealand,Pacific/Auckland
PCP,Principe Airport,Sao Tome and Principe,Africa/Sao_Tome
PCQ,Boun Neau Airport,Laos,
PCR,German Olano Airport,Colombia,America/Bogota
PCS,Picos Airport,Brazil,
PDA,Obando Airport,Colombia,America/Bogota
PDG,Minangkabau International Airport,Indonesia,Asia/Jakarta
PDK,DeKalb Peachtree Airport,United States,America/New_York
PDL,João Paulo II Airport,Portugal,Atlantic/Azores
PDO,Pendopo Airport,Indonesia,Asia/Jakarta
PDP,Capitan Corbeta CA Curbelo International Airport,Uruguay,America/Montevideo
PDS,Piedras Negras International Airport,Mexico,America/Mexico_City
PDT,Eastern Oregon Regional At Pendleton Airport,United States,America/Los_Angeles
PDU,Tydeo Larre Borges Airport,Uruguay,
PDV,Plovdiv International Airport,Bulgaria,Europe/Sofia
PDX,Portland International Airport,United States,America/Los_Angeles
PEA,Penneshaw Airport,Australia,Australia/Adelaide
PED,Pardubice Airport,Czech Republic,Europe/Prague
PEE,Bolshoye Savino Airport,Russia,Asia/Yekaterinburg
PEF,Peenemünde Airport,Germany,Europe/Berlin
PEG,Perugia San Francesco d'Assisi – Umbria International Airport,Italy,Europe/Rome
PEH,Comodoro Pedro Zanni Airport,Argentina,America/Buenos_Aires
PEI,Matecaña International Airport,Colombia,America/Bogota
PEK,Beijing Capital International Airport,China,Asia/Shanghai
PEM,Padre Aldamiz International Airport,Peru,America/Lima
PEN,Penang International Airport,Malaysia,Asia/Kuala_Lumpur
PEQ,Pecos Municipal Airport,United States,America/Chicago
PER,Perth International Airport,Australia,Australia/Perth
PES,Petrozavodsk Airport,Russia,Europe/Moscow
PET,João Simões Lopes Neto International Airport,Brazil,America/Sao_Paulo
PEU,Puerto Lempira Airport,Honduras,America/Tegucigalpa
PEV,Pécs-Pogány Airport,Hungary,Europe/Budapest
PEW,Peshawar International Airport,Pakistan,Asia/Karachi
PEX,Pechora Airport,Russia,Europe/Moscow
PEZ,Penza Airport,Russia,Europe/Moscow
PFB,Lauro Kurtz Airport,Brazil,America/Sao_Paulo
PFJ,Patreksfjörður Airport,Iceland,Atlantic/Reykjavik
PFN,Panama City-Bay Co International Airport,United States,America/Chicago
PFO,Paphos International Airport,Cyprus,Asia/Nicosia
PFQ,Parsabade Moghan Airport,Iran,Asia/Tehran
PFR,Ilebo Airport,Congo (Kinshasa),Africa/Lubumbashi
PGA,Page Municipal Airport,United States,America/Phoenix
PGD,Charlotte County Airport,United States,America/New_York
PGF,Perpignan-Rivesaltes (Llabanère) Airport,France,Europe/Paris
PGH,Pantnagar Airport,India,Asia/Calcutta
PGK,Pangkal Pinang (Depati Amir) Airport,Indonesia,Asia/Jakarta
PGU,Persian Gulf International Airport,Iran,Asia/Tehran
PGV,Pitt Greenville Airport,United States,America/New_York
PGX,Périgueux-Bassillac Airport,France,Europe/Paris
PGZ,Ponta Grossa Airport - Comandante Antonio Amilton Beraldo,Brazil,
PHA,Phan Rang Airport,Vietnam,Asia/Saigon
PHB,Prefeito Doutor João Silva Filho Airport,Brazil,America/Fortaleza
PHC,Port Harcourt International Airport,Nigeria,Africa/Lagos
PHD,Harry Clever Field,United States,America/New_York
PHE,Port Hedland International Airport,Australia,Australia/Perth
PHF,Newport News Williamsburg International Airport,United States,America/New_York
PHK,Palm Beach County Glades Airport,United States,America/New_York
PHL,Philadelphia International Airport,United States,America/New_York
PHN,St Clair County International Airport,United States,America/New_York
PHS,Phitsanulok Airport,Thailand,Asia/Bangkok
PHW,Hendrik Van Eck Airport,South Africa,Africa/Johannesburg
PHX,Phoenix Sky Harbor International Airport,United States,America/Phoenix
PHY,Phetchabun Airport,Thailand,Asia/Bangkok
PIA,General Wayne A. Downing Peoria International Airport,United States,America/Chicago
PIB,Hattiesburg Laurel Regional Airport,United States,America/Chicago
PID,Nassau Paradise Island Airport,Bahamas,America/Nassau
PIE,St Petersburg Clearwater International Airport,United States,America/New_York
PIF,Pingtung North Airport,Taiwan,Asia/Taipei
PIH,Pocatello Regional Airport,United States,America/Denver
PIK,Glasgow Prestwick Airport,United Kingdom,Europe/London
PIL,Carlos Miguel Gimenez Airport,Paraguay,America/Asuncion
PIM,Harris County Airport,United States,America/New_York
PIN,Parintins Airport,Brazil,America/Boa_Vista
PIO,Capitán FAP Renán Elías Olivera International Airport,Peru,America/Lima
PIP,Pilot Point Airport,United States,America/Anchorage
PIR,Pierre Regional Airport,United States,America/Chicago
PIS,Poitiers-Biard Airport,France,Europe/Paris
PIT,Pittsburgh International Airport,United States,America/New_York
PIU,Capitán FAP Guillermo Concha Iberico International Airport,Peru,America/Lima
PIW,Pikwitonei Airport,Canada,
PIX,Pico Airport,Portugal,Atlantic/Azores
PIZ,Point Lay LRRS Airport,United States,America/Anchorage
PJA,Pajala Airport,Sweden,Europe/Stockholm
PJC,Dr Augusto Roberto Fuster International Airport,Paraguay,America/Asuncion
PJG,Panjgur Airport,Pakistan,Asia/Karachi
PJM,Puerto Jimenez Airport,Costa Rica,America/Costa_Rica
PKA,Napaskiak Airport,United States,America/Anchorage
PKB,Mid Ohio Valley Regional Airport,United States,America/New_York
PKC,Yelizovo Airport,Russia,Asia/Anadyr
PKE,Parkes Airport,Australia,Australia/Sydney
PKG,Pulau Pangkor Airport,Malaysia,Asia/Kuala_Lumpur
PKH,Porto Cheli Airport,Greece,Europe/Athens
PKK,Pakhokku Airport,Burma,Asia/Rangoon
PKN,Iskandar Airport,Indonesia,Asia/Jakarta
PKO,Parakou Airport,Benin,
PKP,Puka Puka Airport,French Polynesia,Pacific/Tahiti
PKR,Pokhara Airport,Nepal,Asia/Katmandu
PKT,Port Keats Airport,Australia,
PKU,Sultan Syarif Kasim Ii (Simpang Tiga) Airport,Indonesia,Asia/Jakarta
PKV,Pskov Airport,Russia,Europe/Moscow
PKW,Selebi Phikwe Airport,Botswana,Africa/Gaborone
PKX,Beijing Daxing International Airport,China,
PKY,Tjilik Riwut Airport,Indonesia,Asia/Jakarta
PKZ,Pakse International Airport,Laos,Asia/Vientiane
PLD,Playa Samara/Carrillo Airport,Costa Rica,America/Costa_Rica
PLH,Plymouth City Airport,United Kingdom,Europe/London
PLL,Ponta Pelada Airport,Brazil,America/Boa_Vista
PLM,Sultan Mahmud Badaruddin II Airport,Indonesia,Asia/Jakarta
PLN,Pellston Regional Airport of Emmet County Airport,United States,America/New_York
PLO,Port Lincoln Airport,Australia,Australia/Adelaide
PLP,Captain Ramon Xatruch Airport,Panama,America/Panama
PLQ,Palanga International Airport,Lithuania,Europe/Vilnius
PLS,Providenciales Airport,Turks and Caicos Islands,America/Grand_Turk
PLU,Pampulha - Carlos Drummond de Andrade Airport,Brazil,America/Sao_Paulo
PLV,Suprunovka Airport,Ukraine,Europe/Kiev
PLW,Mutiara Airport,Indonesia,Asia/Makassar
PLX,Semipalatinsk Airport,Kazakhstan,Asia/Qyzylorda
PLZ,Port Elizabeth Airport,South Africa,Africa/Johannesburg
PMA,Pemba Airport,Tanzania,Africa/Dar_es_Salaam
PMB,Pembina Municipal Airport,United States,America/Chicago
PMC,El Tepual Airport,Chile,America/Santiago
PMD,Palmdale Regional/USAF Plant 42 Airport,United States,America/Los_Angeles
PMF,Parma Airport,Italy,Europe/Rome
PMG,Ponta Porã Airport,Brazil,America/Campo_Grande
PMH,Greater Portsmouth Regional Airport,United States,
PMI,Palma De Mallorca Airport,Spain,Europe/Madrid
PMK,Palm Island Airport,Australia,Australia/Brisbane
PML,Port Moller Airport,United States,America/Anchorage
PMO,Falcone–Borsellino Airport,Italy,Europe/Rome
PMQ,Perito Moreno Airport,Argentina,America/Argentina/Rio_Gallegos
PMR,Palmerston North Airport,New Zealand,Pacific/Auckland
PMS,Palmyra Airport,Syria,Asia/Damascus
PMV,Del Caribe Santiago Mariño International Airport,Venezuela,America/Caracas
PMW,Brigadeiro Lysias Rodrigues Airport,Brazil,America/Fortaleza
PMY,El Tehuelche Airport,Argentina,America/Catamarca
PMZ,Palmar Sur Airport,Costa Rica,America/Costa_Rica
PNA,Pamplona Airport,Spain,Europe/Madrid
PNB,Porto Nacional Airport,Brazil,America/Fortaleza
PNC,Ponca City Regional Airport,United States,America/Chicago
PNE,Northeast Philadelphia Airport,United States,America/New_York
PNH,Phnom Penh International Airport,Cambodia,Asia/Phnom_Penh
PNI,Pohnpei International Airport,Micronesia,Pacific/Ponape
PNK,Supadio Airport,Indonesia,Asia/Jakarta
PNL,Pantelleria Airport,Italy,Europe/Rome
PNP,Girua Airport,Papua New Guinea,Pacific/Port_Moresby
PNQ,Pune Airport,India,Asia/Calcutta
PNR,Pointe Noire Airport,Congo (Brazzaville),Africa/Brazzaville
PNS,Pensacola Regional Airport,United States,America/Chicago
PNT,Tte. Julio Gallardo Airport,Chile,America/Santiago
PNV,Panevėžys Air Base,Lithuania,Europe/Vilnius
PNY,Pondicherry Airport,India,Asia/Calcutta
PNZ,Senador Nilo Coelho Airport,Brazil,America/Fortaleza
POA,Salgado Filho Airport,Brazil,America/Sao_Paulo
POB,Pope Field,United States,America/New_York
POC,Brackett Field,United States,America/Los_Angeles
POE,Polk Army Air Field,United States,America/Chicago
POF,Poplar Bluff Municipal Airport,United States,America/Chicago
POG,Port Gentil Airport,Gabon,Africa/Libreville
POI,Capitan Nicolas Rojas Airport,Bolivia,America/La_Paz
POJ,Patos de Minas Airport,Brazil,America/Sao_Paulo
POL,Pemba Airport,Mozambique,Africa/Maputo
POM,Port Moresby Jacksons International Airport,Papua New Guinea,Pacific/Port_Moresby
POO,Poços de Caldas - Embaixador Walther Moreira Salles Airport,Brazil,America/Sao_Paulo
POP,Gregorio Luperon International Airport,Dominican Republic,America/Santo_Domingo
POR,Pori Airport,Finland,Europe/Helsinki
POS,Piarco International Airport,Trinidad and Tobago,America/Port_of_Spain
POT,Ken Jones Airport,Jamaica,America/Jamaica
POU,Dutchess County Airport,United States,
POW,Portoroz Airport,Slovenia,Europe/Ljubljana
POX,Pontoise - Cormeilles-en-Vexin Airport,France,Europe/Paris
POZ,Poznań-Ławica Airport,Poland,Europe/Warsaw
PPA,Perry Lefors Field,United States,
PPB,Presidente Prudente Airport,Brazil,America/Sao_Paulo
PPC,Prospect Creek Airport,United States,America/Anchorage
PPE,Mar de Cortés International Airport,Mexico,America/Hermosillo
PPF,Tri-City Airport,United States,
PPG,Pago Pago International Airport,American Samoa,Pacific/Pago_Pago
PPI,Port Pirie Airport,Australia,
PPK,Petropavlosk South Airport,Kazakhstan,Asia/Qyzylorda
PPL,Phaplu Airport,Nepal,Asia/Katmandu
PPM,Pompano Beach Airpark,United States,America/New_York
PPN,Guillermo León Valencia Airport,Colombia,America/Bogota
PPP,Proserpine Whitsunday Coast Airport,Australia,Australia/Brisbane
PPQ,Paraparaumu Airport,New Zealand,Pacific/Auckland
PPR,Pasir Pangaraan Airport,Indonesia,
PPS,Puerto Princesa Airport,Philippines,Asia/Manila
PPT,Faa'a International Airport,French Polynesia,Pacific/Tahiti
PPW,Papa Westray Airport,United Kingdom,Europe/London
PPY,Pouso Alegre Airport,Brazil,
PQC,Phu Quoc International Airport,Vietnam,Asia/Saigon
PQI,Northern Maine Regional Airport at Presque Isle,United States,America/New_York
PQM,Palenque International Airport,Mexico,
PQQ,Port Macquarie Airport,Australia,Australia/Sydney
PRA,General Urquiza Airport,Argentina,America/Cordoba
PRB,Paso Robles Municipal Airport,United States,
PRC,Ernest A. Love Field,United States,America/Phoenix
PRG,Václav Havel Airport Prague,Czech Republic,Europe/Prague
PRH,Phrae Airport,Thailand,Asia/Bangkok
PRI,Praslin Airport,Seychelles,Indian/Mahe
PRM,Portimão Airport,Portugal,Europe/Lisbon
PRN,Priština International Airport,Serbia,Europe/Belgrade
PRP,Propriano Airport,France,Europe/Paris
PRQ,Termal Airport,Argentina,America/Cordoba
PRU,Pyay Airport,Burma,Asia/Rangoon
PRV,Přerov Air Base,Czech Republic,Europe/Prague
PRX,Cox Field,United States,
PRY,Wonderboom Airport,South Africa,Africa/Johannesburg
PRZ,Prineville Airport,United States,America/Los_Angeles
PSA,Pisa International Airport,Italy,Europe/Rome
PSC,Tri Cities Airport,United States,America/Los_Angeles
PSD,Port Said Airport,Egypt,Africa/Cairo
PSE,Mercedita Airport,Puerto Rico,America/Puerto_Rico
PSG,Petersburg James A Johnson Airport,United States,America/Anchorage
PSH,St. Peter-Ording Airport,Germany,Europe/Berlin
PSI,Pasni Airport,Pakistan,Asia/Karachi
PSJ,Kasiguncu Airport,Indonesia,Asia/Makassar
PSL,Perth/Scone Airport,United Kingdom,Europe/London
PSM,Portsmouth International at Pease Airport,United States,America/New_York
PSO,Antonio Narino Airport,Colombia,America/Bogota
PSP,Palm Springs International Airport,United States,America/Los_Angeles
PSR,Pescara International Airport,Italy,Europe/Rome
PSS,Libertador Gral D Jose De San Martin Airport,Argentina,America/Cordoba
PSU,Pangsuma Airport,Indonesia,Asia/Jakarta
PSX,Palacios Municipal Airport,United States,America/Chicago
PSY,Port Stanley Airport,Falkland Islands,Atlantic/Stanley
PSZ,Capitán Av. Salvador Ogaya G. airport,Bolivia,America/La_Paz
PTA,Port Alsworth Airport,United States,America/Anchorage
PTB,Dinwiddie County Airport,United States,America/New_York
PTF,Malolo Lailai Island Airport,Fiji,Pacific/Fiji
PTG,Polokwane International Airport,South Africa,Africa/Johannesburg
PTH,Port Heiden Airport,United States,America/Anchorage
PTJ,Portland Airport,Australia,Australia/Hobart
PTK,Oakland County International Airport,United States,America/New_York
PTM,Palmarito Airport,Venezuela,America/Caracas
PTP,Pointe-à-Pitre Le Raizet,Guadeloupe,America/Guadeloupe
PTT,Pratt Regional Airport,United States,
PTU,Platinum Airport,United States,America/Anchorage
PTX,Pitalito Airport,Colombia,America/Bogota
PTY,Tocumen International Airport,Panama,America/Panama
PTZ,Rio Amazonas Airport,Ecuador,America/Guayaquil
PUB,Pueblo Memorial Airport,United States,America/Denver
PUC,Carbon County Regional/Buck Davis Field,United States,America/Denver
PUD,Puerto Deseado Airport,Argentina,America/Argentina/Rio_Gallegos
PUE,Puerto Obaldia Airport,Panama,America/Panama
PUF,Pau Pyrénées Airport,France,Europe/Paris
PUG,Port Augusta Airport,Australia,Australia/Adelaide
PUJ,Punta Cana International Airport,Dominican Republic,America/Santo_Domingo
PUK,Pukarua Airport,French Polynesia,
PUQ,Pdte. Carlos Ibañez del Campo Airport,Chile,America/Santiago
PUR,Puerto Rico Airport,Bolivia,America/La_Paz
PUS,Gimhae International Airport,South Korea,Asia/Seoul
PUT,Sri Sathya Sai Airport,India,
PUU,Tres De Mayo Airport,Colombia,America/Bogota
PUW,Pullman Moscow Regional Airport,United States,America/Los_Angeles
PUY,Pula Airport,Croatia,Europe/Zagreb
PUZ,Puerto Cabezas Airport,Nicaragua,America/Managua
PVA,El Embrujo Airport,Colombia,America/Bogota
PVC,Provincetown Municipal Airport,United States,America/New_York
PVD,Theodore Francis Green State Airport,United States,America/New_York
PVG,Shanghai Pudong International Airport,China,Asia/Shanghai
PVH,Governador Jorge Teixeira de Oliveira Airport,Brazil,America/Boa_Vista
PVK,Aktion National Airport,Greece,Europe/Athens
PVL,Pike County-Hatcher Field,United States,America/New_York
PVO,Reales Tamarindos Airport,Ecuador,America/Guayaquil
PVR,Licenciado Gustavo Díaz Ordaz International Airport,Mexico,America/Mexico_City
PVS,Provideniya Bay Airport,Russia,Asia/Anadyr
PVU,Provo Municipal Airport,United States,America/Denver
PWA,Wiley Post Airport,United States,America/Chicago
PWE,Pevek Airport,Russia,
PWK,Chicago Executive Airport,United States,America/Chicago
PWM,Portland International Jetport Airport,United States,America/New_York
PWQ,Pavlodar Airport,Kazakhstan,Asia/Qyzylorda
PWT,Bremerton National Airport,United States,America/Los_Angeles
PWY,Ralph Wenz Field,United States,
PXH,Prominent Hill Airport,Australia,Australia/Adelaide
PXM,Puerto Escondido International Airport,Mexico,America/Mexico_City
PXO,Porto Santo Airport,Portugal,Europe/Lisbon
PXR,Surin Airport,Thailand,Asia/Bangkok
PXU,Pleiku Airport,Vietnam,Asia/Saigon
PYB,Jeypore Airport,India,
PYE,Tongareva Airport,Cook Islands,Pacific/Rarotonga
PYH,Cacique Aramare Airport,Venezuela,America/Caracas
PYJ,Polyarny Airport,Russia,Asia/Yakutsk
PYK,Payam International Airport,Iran,
PYM,Plymouth Municipal Airport,United States,America/New_York
PYR,Andravida Air Base,Greece,Europe/Athens
PYY,Mae Hong Son Airport,Thailand,Asia/Bangkok
PZA,Paz De Ariporo Airport,Colombia,
PZB,Pietermaritzburg Airport,South Africa,Africa/Johannesburg
PZE,Penzance Heliport,United Kingdom,Europe/London
PZH,Zhob Airport,Pakistan,Asia/Karachi
PZI,Bao'anying Airport,China,Asia/Shanghai
PZL,Zulu Inyala Airport,South Africa,
PZO,General Manuel Carlos Piar International Airport,Venezuela,America/Caracas
PZS,Maquehue Airport,Chile,America/Santiago
PZU,Port Sudan New International Airport,Sudan,Africa/Khartoum
PZY,Piešťany Airport,Slovakia,Europe/Bratislava
QBC,Bella Coola Airport,Canada,America/Vancouver
QCJ,Botucatu - Tancredo de Almeida Neves Airport,Brazil,America/Sao_Paulo
QCY,RAF Coningsby,United Kingdom,Europe/London
QDJ,Tsletsi Airport,Algeria,Africa/Algiers
QEF,Frankfurt-Egelsbach Airport,Germany,Europe/Berlin
QFG,Eqalugaarsuit Heliport,Greenland,
QFO,Duxford Aerodrome,United Kingdom,Europe/London
QGQ,Attu Heliport,Greenland,
QGU,Gifu Airport,Japan,Asia/Tokyo
QHP,Base de Aviação de Taubaté Airport,Brazil,
QHR,Harar Meda Airport,Ethiopia,Africa/Addis_Ababa
QIG,Iguatu Airport,Brazil,America/Fortaleza
QJB,Jubail Airport,Saudi Arabia,Asia/Riyadh
QJE,Kitsissuarsuit Heliport,Greenland,
QJI,Ikamiut Heliport,Greenland,
QKX,Kautokeino Air Base,Norway,
QLA,Lasham Airport,United Kingdom,Europe/London
QLD,Blida Airport,Algeria,Africa/Algiers
QLF,Lahti Vesivehmaa Airport,Finland,Europe/Helsinki
QLP,Sarzana-Luni Air Base,Italy,
QLR,Monte Real Air Base,Portugal,Europe/Lisbon
QLS,Lausanne-Blécherette Airport,Switzerland,Europe/Zurich
QLT,Latina Air Base,Italy,Europe/Rome
QNC,Neuchatel Airport,Switzerland,Europe/Zurich
QND,Cenej Airport,Serbia,
QNJ,Annemasse Airport,France,Europe/Paris
QNV,Aeroclube Airport,Brazil,America/Sao_Paulo
QOW,Sam Mbakwe International Airport,Nigeria,Africa/Lagos
QPA,Padova Airport,Italy,Europe/Rome
QPD,Pinar Del Rio Airport,Cuba,America/Havana
QPG,Paya Lebar Air Base,Singapore,Asia/Singapore
QPS,Campo Fontenelle Airport,Brazil,America/Sao_Paulo
QPW,Kangaatsiaq Heliport,Greenland,
QQT,Qeqertaq Heliport,Greenland,
QRA,Rand Airport,South Africa,Africa/Johannesburg
QRC,De La Independencia Airport,Chile,America/Santiago
QRM,Narromine Airport,Australia,
QRO,Querétaro Intercontinental Airport,Mexico,America/Mexico_City
QRR,Warren Airport,Australia,
QRW,Warri Airport,Nigeria,Africa/Lagos
QRY,Ikerassaarsuk Heliport,Greenland,
QSA,Sabadell Airport,Spain,Europe/Madrid
QSC,Mário Pereira Lopes–São Carlos Airport,Brazil,America/Sao_Paulo
QSF,Ain Arnat Airport,Algeria,Africa/Algiers
QSI,Moshi Airport,Tanzania,
QSN,San Nicolas De Bari Airport,Cuba,
QSR,Salerno Costa d'Amalfi Airport,Italy,Europe/Rome
QSZ,Yeerqiang Airport,China,
QUG,Chichester/Goodwood Airport,United Kingdom,
QUO,Akwa Ibom International Airport,Nigeria,Africa/Lagos
QUY,RAF Wyton,United Kingdom,Europe/London
QXH,Schönhagen Airport,Germany,Europe/Berlin
QYD,Oksywie Military Air Base,Poland,Europe/Warsaw
RAB,Tokua Airport,Papua New Guinea,Pacific/Port_Moresby
RAC,John H Batten Airport,United States,America/Chicago
RAE,Arar Domestic Airport,Saudi Arabia,Asia/Riyadh
RAH,Rafha Domestic Airport,Saudi Arabia,Asia/Riyadh
RAI,Praia International Airport,Cape Verde,Atlantic/Cape_Verde
RAJ,Rajkot Airport,India,Asia/Calcutta
RAK,Menara Airport,Morocco,Africa/Casablanca
RAL,Riverside Municipal Airport,United States,America/Los_Angeles
RAM,Ramingining Airport,Australia,Australia/Darwin
RAO,Leite Lopes Airport,Brazil,America/Sao_Paulo
RAP,Rapid City Regional Airport,United States,America/Denver
RAQ,Sugimanuru Airport,Indonesia,
RAR,Rarotonga International Airport,Cook Islands,Pacific/Rarotonga
RAS,Sardar-e-Jangal Airport,Iran,Asia/Tehran
RAT,Raduzhny Airport,Russia,Asia/Yekaterinburg
RAZ,Rawalakot Airport,Pakistan,Asia/Karachi
RBA,Rabat-Salé Airport,Morocco,Africa/Casablanca
RBB,Borba Airport,Brazil,America/Boa_Vista
RBD,Dallas Executive Airport,United States,America/Chicago
RBE,Ratanakiri Airport,Cambodia,Asia/Phnom_Penh
RBK,French Valley Airport,United States,America/Los_Angeles
RBL,Red Bluff Municipal Airport,United States,America/Los_Angeles
RBM,Straubing Airport,Germany,Europe/Berlin
RBQ,Rurenabaque Airport,Bolivia,America/La_Paz
RBR,Plácido de Castro Airport,Brazil,America/Rio_Branco
RBV,Ramata Airport,Solomon Islands,Pacific/Guadalcanal
RBX,Rumbek Airport,Sudan,Africa/Juba
RBY,Ruby Airport,United States,America/Anchorage
RCA,Ellsworth Air Force Base,United States,America/Denver
RCB,Richards Bay Airport,South Africa,Africa/Johannesburg
RCH,Almirante Padilla Airport,Colombia,America/Bogota
RCL,Redcliffe Airport,Vanuatu,Pacific/Efate
RCM,Richmond Airport,Australia,
RCO,Rochefort-Saint-Agnant (BA 721) Airport,France,Europe/Paris
RCQ,Reconquista Airport,Argentina,America/Cordoba
RCS,Rochester Airport,United Kingdom,Europe/London
RCU,Area De Material Airport,Argentina,America/Cordoba
RCY,Rum Cay Airport,Bahamas,America/Nassau
RDB,Red Dog Airport,United States,
RDC,Redenção Airport,Brazil,America/Belem
RDD,Redding Municipal Airport,United States,America/Los_Angeles
RDG,Reading Regional Carl A Spaatz Field,United States,America/New_York
RDM,Roberts Field,United States,America/Los_Angeles
RDN,LTS Pulau Redang Airport,Malaysia,Asia/Kuala_Lumpur
RDO,Radom Airport,Poland,Europe/Warsaw
RDP,Kazi Nazrul Islam Airport,India,
RDR,Grand Forks Air Force Base,United States,America/Chicago
RDS,Rincon De Los Sauces Airport,Argentina,America/Argentina/Salta
RDU,Raleigh Durham International Airport,United States,America/New_York
RDZ,Rodez-Marcillac Airport,France,Europe/Paris
REA,Reao Airport,French Polynesia,
REB,Rechlin-Lärz Airport,Germany,Europe/Berlin
REC,Guararapes - Gilberto Freyre International Airport,Brazil,America/Fortaleza
REG,Reggio Calabria Airport,Italy,Europe/Rome
REL,Almirante Marco Andres Zar Airport,Argentina,America/Catamarca
REN,Orenburg Central Airport,Russia,Asia/Yekaterinburg
REP,Siem Reap International Airport,Cambodia,Asia/Phnom_Penh
RER,Retalhuleu Airport,Guatemala,America/Guatemala
RES,Resistencia International Airport,Argentina,America/Cordoba
RET,Røst Airport,Norway,Europe/Oslo
REU,Reus Air Base,Spain,Europe/Madrid
REX,General Lucio Blanco International Airport,Mexico,America/Mexico_City
REY,Reyes Airport,Bolivia,America/La_Paz
REZ,Resende Airport,Brazil,
RFD,Chicago Rockford International Airport,United States,America/Chicago
RFP,Raiatea Airport,French Polynesia,Pacific/Tahiti
RFS,Rosita Airport,Nicaragua,America/Managua
RGA,Hermes Quijada International Airport,Argentina,America/Argentina/Ushuaia
RGI,Rangiroa Airport,French Polynesia,Pacific/Tahiti
RGK,Gorno-Altaysk Airport,Russia,Asia/Krasnoyarsk
RGL,Piloto Civil N. Fernández Airport,Argentina,America/Argentina/Rio_Gallegos
RGN,Yangon International Airport,Burma,Asia/Rangoon
RGO,Orang Airport,North Korea,Asia/Pyongyang
RGS,Burgos Airport,Spain,Europe/Madrid
RGT,Japura Airport,Indonesia,Asia/Jakarta
RHD,Termas de Río Hondo international Airport,Argentina,America/Cordoba
RHE,Reims-Champagne (BA 112) Air Base,France,Europe/Paris
RHI,Rhinelander Oneida County Airport,United States,America/Chicago
RHO,Diagoras Airport,Greece,Europe/Athens
RHP,Ramechhap Airport,Nepal,Asia/Katmandu
RHT,Alxa Right Banner Badanjilin Airport,China,
RHV,Reid-Hillview Airport of Santa Clara County,United States,
RIA,Santa Maria Airport,Brazil,America/Sao_Paulo
RIB,Capitán Av. Selin Zeitun Lopez Airport,Bolivia,America/La_Paz
RIC,Richmond International Airport,United States,America/New_York
RIH,Scarlett Martinez International Airport,Panama,
RIJ,Juan Simons Vela Airport,Peru,
RIL,Garfield County Regional Airport,United States,America/Denver
RIN,Ringi Cove Airport,Solomon Islands,Pacific/Guadalcanal
RIS,Rishiri Airport,Japan,Asia/Tokyo
RIV,March ARB Airport,United States,America/Los_Angeles
RIW,Riverton Regional Airport,United States,America/Denver
RIX,Riga International Airport,Latvia,Europe/Riga
RIY,Mukalla International Airport,Yemen,Asia/Aden
RIZ,Rizhao Shanzihe Airport,China,
RJA,Rajahmundry Airport,India,Asia/Calcutta
RJB,Rajbiraj Airport,Nepal,
RJH,Shah Mokhdum Airport,Bangladesh,Asia/Dhaka
RJK,Rijeka Airport,Croatia,Europe/Zagreb
RJL,Logroño-Agoncillo Airport,Spain,Europe/Madrid
RJN,Rafsanjan Airport,Iran,Asia/Tehran
RKD,Knox County Regional Airport,United States,America/New_York
RKE,Copenhagen Roskilde Airport,Denmark,Europe/Copenhagen
RKH,Rock Hill - York County Airport,United States,America/New_York
RKO,Rokot Airport,Indonesia,
RKP,Aransas County Airport,United States,America/Chicago
RKS,Southwest Wyoming Regional Airport,United States,America/Denver
RKT,Ras Al Khaimah International Airport,United Arab Emirates,Asia/Dubai
RKV,Reykjavik Airport,Iceland,Atlantic/Reykjavik
RKZ,Shigatse Air Base,China,Asia/Shanghai
RLG,Rostock-Laage Airport,Germany,Europe/Berlin
RLK,Bayannur Tianjitai Airport,China,Asia/Shanghai
RMA,Roma Airport,Australia,Australia/Brisbane
RME,Griffiss International Airport,United States,America/New_York
RMF,Marsa Alam International Airport,Egypt,Africa/Cairo
RMG,Richard B Russell Airport,United States,America/New_York
RMI,Federico Fellini International Airport,Italy,Europe/Rome
RMK,Renmark Airport,Australia,Australia/Adelaide
RML,Colombo Ratmalana Airport,Sri Lanka,Asia/Colombo
RMQ,Taichung Ching Chuang Kang Airport,Taiwan,Asia/Taipei
RMS,Ramstein Air Base,Germany,Europe/Berlin
RMT,Rimatara Airport,French Polynesia,
RMU,Región de Murcia International Airport,Spain,
RMY,Mariposa Yosemite Airport,United States,America/Los_Angeles
RNA,Ulawa Airport,Solomon Islands,Pacific/Guadalcanal
RNB,Ronneby Airport,Sweden,Europe/Stockholm
RND,Randolph Air Force Base,United States,America/Chicago
RNE,Roanne-Renaison Airport,France,Europe/Paris
RNI,Corn Island,Nicaragua,America/Managua
RNJ,Yoron Airport,Japan,Asia/Tokyo
RNL,Rennell/Tingoa Airport,Solomon Islands,Pacific/Guadalcanal
RNN,Bornholm Airport,Denmark,Europe/Copenhagen
RNO,Reno Tahoe International Airport,United States,America/Los_Angeles
RNS,Rennes-Saint-Jacques Airport,France,Europe/Paris
RNT,Renton Municipal Airport,United States,America/Los_Angeles
RNZ,Jasper County Airport,United States,
ROA,Roanoke–Blacksburg Regional Airport,United States,America/New_York
ROB,Roberts International Airport,Liberia,Africa/Monrovia
ROC,Greater Rochester International Airport,United States,America/New_York
ROD,Robertson Airport,South Africa,Africa/Johannesburg
ROI,Roi Et Airport,Thailand,Asia/Bangkok
ROK,Rockhampton Airport,Australia,Australia/Brisbane
ROO,Maestro Marinho Franco Airport,Brazil,America/Campo_Grande
ROP,Rota International Airport,Northern Mariana Islands,Pacific/Saipan
ROR,Babelthuap Airport,Palau,Pacific/Palau
ROS,Islas Malvinas Airport,Argentina,America/Cordoba
ROT,Rotorua Regional Airport,New Zealand,Pacific/Auckland
ROV,Platov International Airport,Russia,Europe/Moscow
ROW,Roswell International Air Center Airport,United States,America/Denver
ROZ,Rota Naval Station Airport,Spain,Europe/Madrid
RPB,Roper Bar Airport,Australia,Australia/Darwin
RPM,Ngukurr Airport,Australia,
RPN,Ben Ya'akov Airport,Israel,Asia/Jerusalem
RPR,Raipur Airport,India,Asia/Calcutta
RQW,Qayyarah West Airport,Iraq,
RRG,Sir Charles Gaetan Duval Airport,Mauritius,Indian/Mauritius
RRK,Rourkela Airport,India,Asia/Calcutta
RRR,Raroia Airport,French Polynesia,
RRS,Røros Airport,Norway,Europe/Oslo
RSA,Santa Rosa Airport,Argentina,America/Argentina/Salta
RSD,Rock Sound Airport,Bahamas,America/Nassau
RSH,Russian Mission Airport,United States,America/Anchorage
RSL,Russell Municipal Airport,United States,
RSS,Damazin Airport,Sudan,Africa/Khartoum
RST,Rochester International Airport,United States,America/Chicago
RSU,Yeosu Airport,South Korea,Asia/Seoul
RSW,Southwest Florida International Airport,United States,America/New_York
RTA,Rotuma Airport,Fiji,Pacific/Fiji
RTB,Juan Manuel Galvez International Airport,Honduras,America/Tegucigalpa
RTC,Ratnagiri Airport,India,
RTG,Frans Sales Lega Airport,Indonesia,Asia/Makassar
RTM,Rotterdam The Hague Airport,Netherlands,Europe/Amsterdam
RTN,Raton Municipal-Crews Field,United States,
RTS,Rottnest Island Airport,Australia,Australia/Perth
RTW,Saratov Central Airport,Russia,Europe/Moscow
RUA,Arua Airport,Uganda,Africa/Kampala
RUD,Shahroud Airport,Iran,Asia/Tehran
RUG,Rugao Air Base,China,
RUH,King Khaled International Airport,Saudi Arabia,Asia/Riyadh
RUI,Sierra Blanca Regional Airport,United States,America/Denver
RUK,Rukum Chaurjahari Airport,Nepal,Asia/Katmandu
RUM,Rumjatar Airport,Nepal,Asia/Katmandu
RUN,Roland Garros Airport,Reunion,Indian/Reunion
RUR,Rurutu Airport,French Polynesia,
RUS,Marau Airport,Solomon Islands,Pacific/Guadalcanal
RUT,Rutland - Southern Vermont Regional Airport,United States,America/New_York
RUV,Rubelsanto Airport,Guatemala,
RVA,Farafangana Airport,Madagascar,Indian/Antananarivo
RVD,General Leite de Castro Airport,Brazil,America/Sao_Paulo
RVE,Los Colonizadores Airport,Colombia,America/Bogota
RVK,"Rørvik Airport, Ryum",Norway,Europe/Oslo
RVN,Rovaniemi Airport,Finland,Europe/Helsinki
RVS,Richard Lloyd Jones Jr Airport,United States,America/Chicago
RVT,Ravensthorpe Airport,Australia,Australia/Perth
RVV,Raivavae Airport,French Polynesia,Pacific/Tahiti
RVY,Presidente General Don Oscar D. Gestido International Airport,Uruguay,America/Montevideo
RWF,Redwood Falls Municipal Airport,United States,
RWI,Rocky Mount Wilson Regional Airport,United States,America/New_York
RWL,Rawlins Municipal Airport/Harvey Field,United States,America/Denver
RWN,Rivne International Airport,Ukraine,Europe/Kiev
RXS,Roxas Airport,Philippines,Asia/Manila
RYB,Staroselye Airport,Russia,Europe/Moscow
RYG,"Moss Airport, Rygge",Norway,Europe/Oslo
RYK,Shaikh Zaid Airport,Pakistan,Asia/Karachi
RYN,Royan-Médis Airport,France,Europe/Paris
RZA,Santa Cruz Airport,Argentina,America/Argentina/Rio_Gallegos
RZE,Rzeszów-Jasionka Airport,Poland,Europe/Warsaw
RZP,Cesar Lim Rodriguez Airport,Philippines,Asia/Manila
RZR,Ramsar Airport,Iran,Asia/Tehran
RZS,Sawan Airport,Pakistan,
SAA,Shively Field,United States,America/Denver
SAB,Juancho E. Yrausquin Airport,Netherlands Antilles,America/Curacao
SAC,Sacramento Executive Airport,United States,America/Los_Angeles
SAD,Safford Regional Airport,United States,America/Phoenix
SAF,Santa Fe Municipal Airport,United States,America/Denver
SAG,Shirdi Airport,India,
SAH,Sana'a International Airport,Yemen,Asia/Aden
SAK,Sauðárkrókur Airport,Iceland,Atlantic/Reykjavik
SAL,Monseñor Óscar Arnulfo Romero International Airport,El Salvador,America/El_Salvador
SAN,San Diego International Airport,United States,America/Los_Angeles
SAP,Ramón Villeda Morales International Airport,Honduras,America/Tegucigalpa
SAQ,San Andros Airport,Bahamas,America/Nassau
SAT,San Antonio International Airport,United States,America/Chicago
SAV,Savannah Hilton Head International Airport,United States,America/New_York
SAW,Sabiha Gökçen International Airport,Turkey,Europe/Istanbul
SAY,Siena-Ampugnano Airport,Italy,Europe/Rome
SBA,Santa Barbara Municipal Airport,United States,America/Los_Angeles
SBB,Santa Bárbara de Barinas Airport,Venezuela,America/Caracas
SBD,San Bernardino International Airport,United States,America/Los_Angeles
SBG,Maimun Saleh Airport,Indonesia,Asia/Jakarta
SBH,Gustaf III Airport,France,
SBK,Saint-Brieuc-Armor Airport,France,Europe/Paris
SBL,Santa Ana Del Yacuma Airport,Bolivia,America/La_Paz
SBM,Sheboygan County Memorial Airport,United States,America/Chicago
SBN,South Bend Regional Airport,United States,America/New_York
SBP,San Luis County Regional Airport,United States,America/Los_Angeles
SBR,Saibai Island Airport,Australia,Australia/Brisbane
SBS,Steamboat Springs Bob Adams Field,United States,America/Denver
SBT,Sabetta International Airport,Russia,
SBU,Springbok Airport,South Africa,Africa/Johannesburg
SBW,Sibu Airport,Malaysia,Asia/Kuala_Lumpur
SBY,Salisbury Ocean City Wicomico Regional Airport,United States,America/New_York
SBZ,Sibiu International Airport,Romania,Europe/Bucharest
SCC,Deadhorse Airport,United States,America/Anchorage
SCE,University Park Airport,United States,America/New_York
SCF,Scottsdale Airport,United States,America/Phoenix
SCH,Schenectady County Airport,United States,America/New_York
SCI,Paramillo Airport,Venezuela,America/Caracas
SCK,Stockton Metropolitan Airport,United States,America/Los_Angeles
SCL,Comodoro Arturo Merino Benítez International Airport,Chile,America/Santiago
SCM,Scammon Bay Airport,United States,America/Anchorage
SCN,Saarbrücken Airport,Germany,Europe/Berlin
SCO,Aktau Airport,Kazakhstan,Asia/Oral
SCQ,Santiago de Compostela Airport,Spain,Europe/Madrid
SCS,Scatsta Airport,United Kingdom,Europe/London
SCT,Socotra International Airport,Yemen,Asia/Aden
SCU,Antonio Maceo International Airport,Cuba,America/Havana
SCV,Suceava Stefan cel Mare Airport,Romania,Europe/Bucharest
SCW,Syktyvkar Airport,Russia,Europe/Moscow
SCY,San Cristóbal Airport,Ecuador,Pacific/Galapagos
SCZ,Santa Cruz/Graciosa Bay/Luova Airport,Solomon Islands,Pacific/Guadalcanal
SDB,Langebaanweg Airport,South Africa,Africa/Johannesburg
SDD,Lubango Airport,Angola,Africa/Luanda
SDE,Vicecomodoro Angel D. La Paz Aragonés Airport,Argentina,America/Cordoba
SDF,Louisville International Standiford Field,United States,America/New_York
SDG,Sanandaj Airport,Iran,Asia/Tehran
SDJ,Sendai Airport,Japan,Asia/Tokyo
SDK,Sandakan Airport,Malaysia,Asia/Kuala_Lumpur
SDL,Sundsvall-Härnösand Airport,Sweden,Europe/Stockholm
SDM,Brown Field Municipal Airport,United States,America/Los_Angeles
SDN,Sandane Airport (Anda),Norway,Europe/Oslo
SDP,Sand Point Airport,United States,America/Anchorage
SDQ,Las Américas International Airport,Dominican Republic,America/Santo_Domingo
SDR,Santander Airport,Spain,Europe/Madrid
SDS,Sado Airport,Japan,Asia/Tokyo
SDT,Saidu Sharif Airport,Pakistan,Asia/Karachi
SDU,Santos Dumont Airport,Brazil,America/Sao_Paulo
SDV,Sde Dov Airport,Israel,Asia/Jerusalem
SDX,Sedona Airport,United States,America/Phoenix
SDY,Sidney - Richland Regional Airport,United States,America/Denver
SEA,Seattle Tacoma International Airport,United States,America/Los_Angeles
SEB,Sabha Airport,Libya,Africa/Tripoli
SEE,Gillespie Field,United States,America/Los_Angeles
SEF,Sebring Regional Airport,United States,America/New_York
SEH,Senggeh Airport,Indonesia,Asia/Jayapura
SEK,Srednekolymsk Airport,Russia,Asia/Srednekolymsk
SEM,Craig Field,United States,America/Chicago
SEN,Southend Airport,United Kingdom,Europe/London
SEP,Stephenville Clark Regional Airport,United States,America/Chicago
SEU,Seronera Airport,Tanzania,Africa/Dar_es_Salaam
SEY,Sélibaby Airport,Mauritania,Africa/Nouakchott
SEZ,Seychelles International Airport,Seychelles,Indian/Mahe
SFA,Sfax Thyna International Airport,Tunisia,Africa/Tunis
SFB,Orlando Sanford International Airport,United States,America/New_York
SFC,St-François Airport,Guadeloupe,America/Guadeloupe
SFD,San Fernando De Apure Airport,Venezuela,America/Caracas
SFE,San Fernando Airport,Philippines,Asia/Manila
SFF,Felts Field,United States,America/Los_Angeles
SFG,L'Espérance Airport,Guadeloupe,
SFH,San Felipe International Airport,Mexico,America/Tijuana
SFJ,Kangerlussuaq Airport,Greenland,America/Godthab
SFK,Soure Airport,Brazil,America/Belem
SFL,São Filipe Airport,Cape Verde,Atlantic/Cape_Verde
SFN,Sauce Viejo Airport,Argentina,America/Cordoba
SFO,San Francisco International Airport,United States,America/Los_Angeles
SFQ,Şanlıurfa Airport,Turkey,Europe/Istanbul
SFS,Subic Bay International Airport,Philippines,Asia/Manila
SFT,Skellefteå Airport,Sweden,Europe/Stockholm
SFZ,North Central State Airport,United States,America/New_York
SGC,Surgut Airport,Russia,Asia/Yekaterinburg
SGD,Sønderborg Airport,Denmark,Europe/Copenhagen
SGE,Siegerland Airport,Germany,Europe/Berlin
SGF,Springfield Branson National Airport,United States,America/Chicago
SGH,Springfield-Beckley Municipal Airport,United States,America/New_York
SGI,Mushaf Air Base,Pakistan,
SGN,Tan Son Nhat International Airport,Vietnam,Asia/Saigon
SGO,St George Airport,Australia,Australia/Brisbane
SGQ,Sanggata/Sangkimah Airport,Indonesia,
SGR,Sugar Land Regional Airport,United States,America/Chicago
SGU,St George Municipal Airport,United States,America/Denver
SGV,Sierra Grande Airport,Argentina,America/Argentina/Salta
SGX,Songea Airport,Tanzania,Africa/Dar_es_Salaam
SGY,Skagway Airport,United States,America/Anchorage
SGZ,Songkhla Airport,Thailand,Asia/Bangkok
SHA,Shanghai Hongqiao International Airport,China,Asia/Shanghai
SHB,Nakashibetsu Airport,Japan,Asia/Tokyo
SHD,Shenandoah Valley Regional Airport,United States,America/New_York
SHE,Taoxian Airport,China,Asia/Shanghai
SHG,Shungnak Airport,United States,America/Anchorage
SHH,Shishmaref Airport,United States,America/Anchorage
SHI,Shimojishima Airport,Japan,Asia/Tokyo
SHJ,Sharjah International Airport,United Arab Emirates,Asia/Dubai
SHL,Shillong Airport,India,Asia/Calcutta
SHM,Nanki Shirahama Airport,Japan,Asia/Tokyo
SHN,Sanderson Field,United States,America/Los_Angeles
SHO,King Mswati III International Airport,Swaziland,
SHP,Shanhaiguan Airport,China,Asia/Shanghai
SHR,Sheridan County Airport,United States,America/Denver
SHT,Shepparton Airport,Australia,Australia/Hobart
SHV,Shreveport Regional Airport,United States,America/Chicago
SHW,Sharurah Airport,Saudi Arabia,Asia/Riyadh
SHX,Shageluk Airport,United States,America/Anchorage
SHY,Shinyanga Airport,Tanzania,Africa/Dar_es_Salaam
SIA,Xi'an Xiguan Airport,China,Asia/Shanghai
SID,Amílcar Cabral International Airport,Cape Verde,Atlantic/Cape_Verde
SIF,Simara Airport,Nepal,Asia/Katmandu
SIG,Fernando Luis Ribas Dominicci Airport,Puerto Rico,America/Puerto_Rico
SIJ,Siglufjörður Airport,Iceland,Atlantic/Reykjavik
SIK,Sikeston Memorial Municipal Airport,United States,America/Chicago
SIN,Singapore Changi Airport,Singapore,Asia/Singapore
SIO,Smithton Airport,Australia,
SIP,Simferopol International Airport,Ukraine,Europe/Simferopol
SIQ,Dabo Airport,Indonesia,Asia/Jakarta
SIR,Sion Airport,Switzerland,Europe/Zurich
SIS,Sishen Airport,South Africa,Africa/Johannesburg
SIT,Sitka Rocky Gutierrez Airport,United States,America/Anchorage
SIU,Siuna,Nicaragua,America/Managua
SJC,Norman Y. Mineta San Jose International Airport,United States,America/Los_Angeles
SJD,Los Cabos International Airport,Mexico,America/Mazatlan
SJE,Jorge E. Gonzalez Torres Airport,Colombia,America/Bogota
SJI,San Jose Airport,Philippines,Asia/Manila
SJJ,Sarajevo International Airport,Bosnia and Herzegovina,Europe/Sarajevo
SJK,Professor Urbano Ernesto Stumpf Airport,Brazil,America/Sao_Paulo
SJL,São Gabriel da Cachoeira Airport,Brazil,America/Boa_Vista
SJO,Juan Santamaria International Airport,Costa Rica,America/Costa_Rica
SJP,Prof. Eribelto Manoel Reino State Airport,Brazil,America/Sao_Paulo
SJT,San Angelo Regional Mathis Field,United States,America/Chicago
SJU,Luis Munoz Marin International Airport,Puerto Rico,America/Puerto_Rico
SJW,Shijiazhuang Daguocun International Airport,China,Asia/Shanghai
SJY,Seinäjoki Airport,Finland,Europe/Helsinki
SJZ,São Jorge Airport,Portugal,Atlantic/Azores
SKA,Fairchild Air Force Base,United States,America/Los_Angeles
SKB,Robert L. Bradshaw International Airport,Saint Kitts and Nevis,America/St_Kitts
SKD,Samarkand Airport,Uzbekistan,Asia/Samarkand
SKE,Skien Airport,Norway,Europe/Oslo
SKF,Lackland Air Force Base,United States,America/Chicago
SKG,Thessaloniki Macedonia International Airport,Greece,Europe/Athens
SKH,Surkhet Airport,Nepal,Asia/Katmandu
SKK,Shaktoolik Airport,United States,America/Anchorage
SKN,Stokmarknes Skagen Airport,Norway,Europe/Oslo
SKO,Sadiq Abubakar III International Airport,Nigeria,Africa/Lagos
SKP,Skopje Alexander the Great Airport,Macedonia,Europe/Skopje
SKS,Skrydstrup Air Base,Denmark,Europe/Copenhagen
SKT,Sialkot Airport,Pakistan,Asia/Karachi
SKU,Skiros Airport,Greece,Europe/Athens
SKV,St Catherine International Airport,Egypt,Africa/Cairo
SKX,Saransk Airport,Russia,Europe/Moscow
SKY,Griffing Sandusky Airport,United States,America/New_York
SKZ,Sukkur Airport,Pakistan,Asia/Karachi
SLA,Martin Miguel De Guemes International Airport,Argentina,America/Argentina/Salta
SLC,Salt Lake City International Airport,United States,America/Denver
SLD,Sliač Airport,Slovakia,Europe/Bratislava
SLE,Salem Municipal Airport/McNary Field,United States,America/Los_Angeles
SLF,Sulayel Airport,Saudi Arabia,Asia/Riyadh
SLH,Sola Airport,Vanuatu,Pacific/Efate
SLJ,Solomon Airport,Australia,Australia/Perth
SLK,Adirondack Regional Airport,United States,America/New_York
SLL,Salalah Airport,Oman,Asia/Muscat
SLM,Salamanca Airport,Spain,Europe/Madrid
SLN,Salina Municipal Airport,United States,America/Chicago
SLP,Ponciano Arriaga International Airport,Mexico,America/Mexico_City
SLQ,Sleetmute Airport,United States,America/Anchorage
SLU,George F. L. Charles Airport,Saint Lucia,America/St_Lucia
SLV,Shimla Airport,India,Asia/Calcutta
SLW,Plan De Guadalupe International Airport,Mexico,America/Mexico_City
SLX,Salt Cay Airport,Turks and Caicos Islands,America/Grand_Turk
SLY,Salekhard Airport,Russia,Asia/Yekaterinburg
SLZ,Marechal Cunha Machado International Airport,Brazil,America/Fortaleza
SMA,Santa Maria Airport,Portugal,Atlantic/Azores
SMD,Smith Field,United States,America/New_York
SME,Lake Cumberland Regional Airport,United States,America/New_York
SMF,Sacramento International Airport,United States,America/Los_Angeles
SMI,Samos Airport,Greece,Europe/Athens
SMK,St Michael Airport,United States,America/Anchorage
SML,Stella Maris Airport,Bahamas,America/Nassau
SMN,Lemhi County Airport,United States,America/Denver
SMO,Santa Monica Municipal Airport,United States,America/Los_Angeles
SMQ,Sampit(Hasan) Airport,Indonesia,Asia/Jakarta
SMR,Simón Bolívar International Airport,Colombia,America/Bogota
SMS,Sainte Marie Airport,Madagascar,Indian/Antananarivo
SMT,Adolino Bedin Regional Airport,Brazil,
SMV,Samedan Airport,Switzerland,Europe/Zurich
SMW,Smara Airport,Western Sahara,Africa/El_Aaiun
SMX,Santa Maria Pub/Capt G Allan Hancock Field,United States,America/Los_Angeles
SMZ,Stoelmanseiland Airport,Suriname,America/Paramaribo
SNA,John Wayne Airport-Orange County Airport,United States,America/Los_Angeles
SNB,Snake Bay Airport,Australia,
SNC,General Ulpiano Paez Airport,Ecuador,America/Guayaquil
SNE,Preguiça Airport,Cape Verde,Atlantic/Cape_Verde
SNF,Sub Teniente Nestor Arias Airport,Venezuela,America/Caracas
SNJ,San Julian Air Base,Cuba,
SNN,Shannon Airport,Ireland,Europe/Dublin
SNO,Sakon Nakhon Airport,Thailand,Asia/Bangkok
SNP,St Paul Island Airport,United States,America/Anchorage
SNR,Saint-Nazaire-Montoir Airport,France,Europe/Paris
SNS,Salinas Municipal Airport,United States,
SNU,Abel Santamaria Airport,Cuba,America/Havana
SNV,Santa Elena de Uairen Airport,Venezuela,America/Caracas
SNW,Thandwe Airport,Burma,Asia/Rangoon
SNY,Sidney Municipal-Lloyd W Carr Field,United States,America/Denver
SNZ,Santa Cruz Air Force Base,Brazil,America/Sao_Paulo
SOB,Sármellék International Airport,Hungary,Europe/Budapest
SOC,Adi Sumarmo Wiryokusumo Airport,Indonesia,Asia/Jakarta
SOD,Sorocaba Airport,Brazil,America/Sao_Paulo
SOF,Sofia Airport,Bulgaria,Europe/Sofia
SOG,Sogndal Airport,Norway,Europe/Oslo
SOJ,Sørkjosen Airport,Norway,Europe/Oslo
SOM,San Tomé Airport,Venezuela,America/Caracas
SON,Santo Pekoa International Airport,Vanuatu,Pacific/Efate
SOO,Söderhamn Airport,Sweden,Europe/Stockholm
SOP,Moore County Airport,United States,America/New_York
SOQ,Dominique Edward Osok Airport,Indonesia,Asia/Jayapura
SOT,Sodankyla Airport,Finland,Europe/Helsinki
SOU,Southampton Airport,United Kingdom,Europe/London
SOV,Seldovia Airport,United States,
SOW,Show Low Regional Airport,United States,America/Phoenix
SOY,Stronsay Airport,United Kingdom,Europe/London
SOZ,Solenzara (BA 126) Air Base,France,Europe/Paris
SPA,Spartanburg Downtown Memorial Airport,United States,
SPB,Charlotte Amalie Harbor Seaplane Base,Virgin Islands,America/St_Thomas
SPC,La Palma Airport,Spain,Atlantic/Canary
SPD,Saidpur Airport,Bangladesh,Asia/Dhaka
SPF,Black Hills Airport-Clyde Ice Field,United States,America/Denver
SPG,Albert Whitted Airport,United States,America/New_York
SPI,Abraham Lincoln Capital Airport,United States,America/Chicago
SPJ,Sparti Airport,Greece,Europe/Athens
SPM,Spangdahlem Air Base,Germany,Europe/Berlin
SPN,Saipan International Airport,Northern Mariana Islands,Pacific/Saipan
SPP,Menongue Airport,Angola,Africa/Luanda
SPR,San Pedro Airport,Belize,America/Belize
SPS,Sheppard Air Force Base-Wichita Falls Municipal Airport,United States,America/Chicago
SPU,Split Airport,Croatia,Europe/Zagreb
SPW,Spencer Municipal Airport,United States,America/Chicago
SPY,San Pedro Airport,Cote d'Ivoire,Africa/Abidjan
SQA,Santa Ynez Airport,United States,
SQD,Shangrao Sanqingshan Airport,China,
SQG,Sintang(Susilo) Airport,Indonesia,Asia/Jakarta
SQH,Na-San Airport,Vietnam,Asia/Saigon
SQJ,Shaxian Airport,China,
SQL,San Carlos Airport,United States,America/Los_Angeles
SQN,Emalamo Sanana Airport,Indonesia,
SQO,Storuman Airport,Sweden,Europe/Stockholm
SQQ,Šiauliai International Airport,Lithuania,Europe/Vilnius
SQR,Soroako Airport,Indonesia,Asia/Makassar
SQW,Skive Airport,Denmark,Europe/Copenhagen
SQX,São Miguel do Oeste Airport,Brazil,
SQZ,RAF Scampton,United Kingdom,Europe/London
SRA,Santa Rosa Airport,Brazil,America/Sao_Paulo
SRE,Juana Azurduy De Padilla Airport,Bolivia,America/La_Paz
SRG,Achmad Yani Airport,Indonesia,Asia/Jakarta
SRH,Sarh Airport,Chad,Africa/Ndjamena
SRI,Temindung Airport,Indonesia,Asia/Makassar
SRJ,Capitán Av. German Quiroga G. Airport,Bolivia,America/La_Paz
SRN,Strahan Airport,Australia,Australia/Melbourne
SRP,Stord Airport,Norway,Europe/Oslo
SRQ,Sarasota Bradenton International Airport,United States,America/New_York
SRT,Soroti Airport,Uganda,Africa/Kampala
SRX,Gardabya Airport,Libya,Africa/Tripoli
SRY,Dasht-e Naz Airport,Iran,Asia/Tehran
SRZ,El Trompillo Airport,Bolivia,America/La_Paz
SSA,Deputado Luiz Eduardo Magalhães International Airport,Brazil,America/Fortaleza
SSC,Shaw Air Force Base,United States,America/New_York
SSE,Solapur Airport,India,Asia/Calcutta
SSF,Stinson Municipal Airport,United States,
SSG,Malabo Airport,Equatorial Guinea,Africa/Malabo
SSH,Sharm El Sheikh International Airport,Egypt,Africa/Cairo
SSI,Malcolm McKinnon Airport,United States,America/New_York
SSJ,Sandnessjøen Airport (Stokka),Norway,Europe/Oslo
SSN,Seoul Air Base (K-16),South Korea,Asia/Seoul
SSR,Sara Airport,Vanuatu,Pacific/Efate
SST,Santa Teresita Airport,Argentina,America/Buenos_Aires
SSY,Mbanza Congo Airport,Angola,Africa/Luanda
SSZ,Base Aérea de Santos Airport,Brazil,America/Sao_Paulo
STA,Stauning Airport,Denmark,Europe/Copenhagen
STB,Santa Bárbara del Zulia Airport,Venezuela,America/Caracas
STC,St Cloud Regional Airport,United States,America/Chicago
STD,Mayor Buenaventura Vivas International Airport,Venezuela,America/Caracas
STE,Stevens Point Municipal Airport,United States,America/Chicago
STG,St George Airport,United States,America/Anchorage
STI,Cibao International Airport,Dominican Republic,America/Santo_Domingo
STJ,Rosecrans Memorial Airport,United States,America/Chicago
STK,Sterling Municipal Airport,United States,America/Denver
STL,St Louis Lambert International Airport,United States,America/Chicago
STM,Maestro Wilson Fonseca Airport,Brazil,America/Belem
STN,London Stansted Airport,United Kingdom,Europe/London
STP,St Paul Downtown Holman Field,United States,America/Chicago
STR,Stuttgart Airport,Germany,Europe/Berlin
STS,Charles M. Schulz Sonoma County Airport,United States,America/Los_Angeles
STT,Cyril E. King Airport,Virgin Islands,America/St_Thomas
STV,Surat Airport,India,Asia/Calcutta
STW,Stavropol Shpakovskoye Airport,Russia,Europe/Moscow
STX,Henry E Rohlsen Airport,Virgin Islands,America/St_Thomas
STY,Nueva Hesperides International Airport,Uruguay,America/Montevideo
STZ,Santa Terezinha Airport,Brazil,America/Campo_Grande
SUA,Witham Field,United States,America/New_York
SUB,Juanda International Airport,Indonesia,Asia/Jakarta
SUF,Lamezia Terme Airport,Italy,Europe/Rome
SUG,Surigao Airport,Philippines,Asia/Manila
SUI,Sukhumi Dranda Airport,Georgia,Asia/Tbilisi
SUJ,Satu Mare Airport,Romania,Europe/Bucharest
SUK,Sakkyryr Airport,Russia,
SUL,Sui Airport,Pakistan,Asia/Karachi
SUN,Friedman Memorial Airport,United States,America/Denver
SUP,Trunojoyo Airport,Indonesia,
SUR,Summer Beaver Airport,Canada,America/Toronto
SUS,Spirit of St Louis Airport,United States,America/Chicago
SUU,Travis Air Force Base,United States,America/Los_Angeles
SUV,Nausori International Airport,Fiji,Pacific/Fiji
SUX,Sioux Gateway Col. Bud Day Field,United States,America/Chicago
SUY,Suntar Airport,Russia,Asia/Yakutsk
SVA,Savoonga Airport,United States,America/Anchorage
SVB,Sambava Airport,Madagascar,Indian/Antananarivo
SVD,Argyle International Airport,Saint Vincent and the Grenadines,America/St_Vincent
SVG,Stavanger Airport Sola,Norway,Europe/Oslo
SVH,Statesville Regional Airport,United States,America/New_York
SVI,Eduardo Falla Solano Airport,Colombia,America/Bogota
SVJ,Svolvær Helle Airport,Norway,Europe/Oslo
SVL,Savonlinna Airport,Finland,Europe/Helsinki
SVN,Hunter Army Air Field,United States,America/New_York
SVO,Sheremetyevo International Airport,Russia,Europe/Moscow
SVP,Kuito Airport,Angola,Africa/Luanda
SVQ,Sevilla Airport,Spain,Europe/Madrid
SVU,Savusavu Airport,Fiji,Pacific/Fiji
SVW,Sparrevohn LRRS Airport,United States,America/Anchorage
SVX,Koltsovo Airport,Russia,Asia/Yekaterinburg
SVZ,San Antonio Del Tachira Airport,Venezuela,America/Caracas
SWA,Jieyang Chaoshan International Airport,China,Asia/Shanghai
SWC,Stawell Airport,Australia,
SWD,Seward Airport,United States,America/Anchorage
SWF,Stewart International Airport,United States,America/New_York
SWH,Swan Hill Airport,Australia,
SWJ,Southwest Bay Airport,Vanuatu,Pacific/Efate
SWO,Stillwater Regional Airport,United States,America/Chicago
SWP,Swakopmund Airport,Namibia,Africa/Windhoek
SWQ,Sumbawa Besar Airport,Indonesia,Asia/Makassar
SWS,Swansea Airport,United Kingdom,Europe/London
SWT,Strezhevoy Airport,Russia,Asia/Krasnoyarsk
SWU,Suwon Airport,South Korea,Asia/Seoul
SWX,Shakawe Airport,Botswana,Africa/Gaborone
SXB,Strasbourg Airport,France,Europe/Paris
SXE,West Sale Airport,Australia,
SXF,Berlin-Schönefeld Airport,Germany,Europe/Berlin
SXI,Sirri Island Airport,Iran,Asia/Tehran
SXJ,Shanshan Airport,China,
SXK,Saumlaki/Olilit Airport,Indonesia,
SXL,Sligo Airport,Ireland,Europe/Dublin
SXM,Princess Juliana International Airport,Netherlands Antilles,America/Curacao
SXN,Sua Pan Airport,Botswana,
SXO,São Félix do Araguaia Airport,Brazil,America/Campo_Grande
SXQ,Soldotna Airport,United States,America/Anchorage
SXR,Sheikh ul Alam Airport,India,Asia/Calcutta
SXV,Salem Airport,India,Asia/Calcutta
SXX,São Félix do Xingu Airport,Brazil,America/Belem
SXZ,Siirt Airport,Turkey,Europe/Istanbul
SYA,Eareckson Air Station,United States,America/Adak
SYD,Sydney Kingsford Smith International Airport,Australia,Australia/Sydney
SYH,Syangboche Airport,Nepal,Asia/Katmandu
SYJ,Sirjan Airport,Iran,Asia/Tehran
SYM,Pu'er Simao Airport,China,Asia/Shanghai
SYO,Shonai Airport,Japan,Asia/Tokyo
SYP,Ruben Cantu Airport,Panama,America/Panama
SYQ,Tobias Bolanos International Airport,Costa Rica,America/Costa_Rica
SYR,Syracuse Hancock International Airport,United States,America/New_York
SYS,Saskylakh Airport,Russia,Asia/Yakutsk
SYT,Saint-Yan Airport,France,Europe/Paris
SYU,Warraber Island Airport,Australia,Australia/Brisbane
SYW,Sehwan Sharif Airport,Pakistan,Asia/Karachi
SYX,Sanya Phoenix International Airport,China,Asia/Shanghai
SYY,Stornoway Airport,United Kingdom,Europe/London
SYZ,Shiraz Shahid Dastghaib International Airport,Iran,Asia/Tehran
SZA,Soyo Airport,Angola,Africa/Luanda
SZB,Sultan Abdul Aziz Shah International Airport,Malaysia,Asia/Kuala_Lumpur
SZF,Samsun Çarşamba Airport,Turkey,Europe/Istanbul
SZG,Salzburg Airport,Austria,Europe/Vienna
SZJ,Siguanea Airport,Cuba,America/Havana
SZK,Skukuza Airport,South Africa,Africa/Johannesburg
SZL,Whiteman Air Force Base,United States,America/Chicago
SZR,Stara Zagora Airport,Bulgaria,Europe/Sofia
SZS,Ryan's Creek Aerodrome,New Zealand,Pacific/Auckland
SZT,San Cristobal de las Casas Airport,Mexico,America/Mexico_City
SZV,Suzhou Guangfu Airport,China,Asia/Shanghai
SZW,Schwerin Parchim Airport,Germany,Europe/Berlin
SZX,Shenzhen Bao'an International Airport,China,Asia/Shanghai
SZY,Olsztyn-Mazury Airport,Poland,
SZZ,"Szczecin-Goleniów ""Solidarność"" Airport",Poland,Europe/Warsaw
TAB,Tobago-Crown Point Airport,Trinidad and Tobago,America/Port_of_Spain
TAC,Daniel Z. Romualdez Airport,Philippines,Asia/Manila
TAE,Daegu Airport,South Korea,Asia/Seoul
TAF,Tafaraoui Airport,Algeria,Africa/Algiers
TAG,Tagbilaran Airport,Philippines,Asia/Manila
TAH,Tanna Airport,Vanuatu,Pacific/Efate
TAI,Ta'izz International Airport,Yemen,Asia/Aden
TAK,Takamatsu Airport,Japan,Asia/Tokyo
TAM,General Francisco Javier Mina International Airport,Mexico,America/Mexico_City
TAO,Liuting Airport,China,Asia/Shanghai
TAP,Tapachula International Airport,Mexico,America/Mexico_City
TAR,"Taranto-Grottaglie ""Marcello Arlotta"" Airport",Italy,Europe/Rome
TAS,Tashkent International Airport,Uzbekistan,Asia/Samarkand
TAT,Poprad-Tatry Airport,Slovakia,Europe/Bratislava
TAY,Tartu Airport,Estonia,Europe/Tallinn
TAZ,Daşoguz Airport,Turkmenistan,Asia/Ashgabat
TBB,Dong Tac Airport,Vietnam,Asia/Saigon
TBF,Tabiteuea North Airport,Kiribati,
TBG,Tabubil Airport,Papua New Guinea,Pacific/Port_Moresby
TBH,Tugdan Airport,Philippines,Asia/Manila
TBI,New Bight Airport,Bahamas,America/Nassau
TBJ,Tabarka 7 Novembre Airport,Tunisia,Africa/Tunis
TBN,Waynesville-St. Robert Regional Forney field,United States,America/Chicago
TBO,Tabora Airport,Tanzania,Africa/Dar_es_Salaam
TBP,Capitan FAP Pedro Canga Rodriguez Airport,Peru,America/Lima
TBR,Statesboro Bulloch County Airport,United States,
TBS,Tbilisi International Airport,Georgia,Asia/Tbilisi
TBT,Tabatinga Airport,Brazil,America/Boa_Vista
TBU,Fua'amotu International Airport,Tonga,Pacific/Tongatapu
TBW,Donskoye Airport,Russia,Europe/Moscow
TBZ,Tabriz International Airport,Iran,Asia/Tehran
TCA,Tennant Creek Airport,Australia,Australia/Darwin
TCB,Treasure Cay Airport,Bahamas,America/Nassau
TCC,Tucumcari Municipal Airport,United States,America/Denver
TCE,Tulcea Airport,Romania,Europe/Bucharest
TCG,Tacheng Airport,China,Asia/Shanghai
TCH,Tchibanga Airport,Gabon,Africa/Libreville
TCL,Tuscaloosa Regional Airport,United States,America/Chicago
TCM,McChord Air Force Base,United States,America/Los_Angeles
TCN,Tehuacan Airport,Mexico,America/Mexico_City
TCO,La Florida Airport,Colombia,America/Bogota
TCP,Taba International Airport,Egypt,Africa/Cairo
TCQ,Coronel FAP Carlos Ciriani Santa Rosa International Airport,Peru,America/Lima
TCS,Truth Or Consequences Municipal Airport,United States,America/Denver
TCX,Tabas Airport,Iran,Asia/Tehran
TCZ,Tengchong Tuofeng Airport,China,Asia/Shanghai
TDD,Teniente Av. Jorge Henrich Arauz Airport,Bolivia,America/La_Paz
TDG,Tandag Airport,Philippines,Asia/Manila
TDJ,Tadjoura Airport,Djibouti,Africa/Djibouti
TDL,Héroes De Malvinas Airport,Argentina,America/Buenos_Aires
TDR,Theodore Airport,Australia,Australia/Brisbane
TDS,Sasereme Airport,Papua New Guinea,
TDX,Trat Airport,Thailand,Asia/Bangkok
TEA,Tela Airport,Honduras,America/Tegucigalpa
TEB,Teterboro Airport,United States,America/New_York
TEC,Telêmaco Borba Airport,Brazil,America/Sao_Paulo
TED,Thisted Airport,Denmark,Europe/Copenhagen
TEE,Cheikh Larbi Tébessi Airport,Algeria,Africa/Algiers
TEF,Telfer Airport,Australia,Australia/Perth
TEI,Tezu Airport,India,
TEM,Temora Airport,Australia,Australia/Sydney
TEN,Tongren Fenghuang Airport,China,Asia/Shanghai
TEQ,Tekirdağ Çorlu Airport,Turkey,Europe/Istanbul
TER,Lajes Airport,Portugal,Atlantic/Azores
TET,Chingozi Airport,Mozambique,Africa/Maputo
TEU,Manapouri Airport,New Zealand,Pacific/Auckland
TEV,Teruel Airport,Spain,
TEX,Telluride Regional Airport,United States,America/Denver
TEZ,Tezpur Airport,India,Asia/Calcutta
TFF,Tefé Airport,Brazil,America/Boa_Vista
TFL,Juscelino Kubitscheck Airport,Brazil,
TFN,Tenerife Norte Airport,Spain,Atlantic/Canary
TFS,Tenerife South Airport,Spain,Atlantic/Canary
TGA,Tengah Air Base,Singapore,Asia/Singapore
TGD,Podgorica Airport,Montenegro,Europe/Podgorica
TGG,Sultan Mahmud Airport,Malaysia,Asia/Kuala_Lumpur
TGH,Tongoa Airport,Vanuatu,Pacific/Efate
TGI,Tingo Maria Airport,Peru,America/Lima
TGJ,Tiga Airport,New Caledonia,Pacific/Noumea
TGK,Taganrog Yuzhny Airport,Russia,Europe/Moscow
TGM,Transilvania Târgu Mureş International Airport,Romania,Europe/Bucharest
TGN,Latrobe Valley Airport,Australia,
TGO,Tongliao Airport,China,Asia/Shanghai
TGP,Podkamennaya Tunguska Airport,Russia,Asia/Krasnoyarsk
TGQ,Tangará da Serra Airport,Brazil,
TGR,Touggourt Sidi Madhi Airport,Algeria,Africa/Algiers
TGT,Tanga Airport,Tanzania,Africa/Dar_es_Salaam
TGU,Toncontín International Airport,Honduras,America/Tegucigalpa
TGZ,Angel Albino Corzo International Airport,Mexico,America/Mexico_City
THE,Senador Petrônio Portela Airport,Brazil,America/Fortaleza
THF,Berlin-Tempelhof International Airport,Germany,Europe/Berlin
THG,Thangool Airport,Australia,Australia/Brisbane
THL,Tachileik Airport,Burma,Asia/Rangoon
THN,Trollhättan-Vänersborg Airport,Sweden,Europe/Stockholm
THO,Thorshofn Airport,Iceland,Atlantic/Reykjavik
THQ,Tianshui Maijishan Airport,China,Asia/Shanghai
THR,Mehrabad International Airport,Iran,Asia/Tehran
THS,Sukhothai Airport,Thailand,Asia/Bangkok
THU,Thule Air Base,Greenland,America/Thule
THX,Turukhansk Airport,Russia,Asia/Krasnoyarsk
THZ,Tahoua Airport,Niger,Africa/Niamey
TIA,Tirana International Airport Mother Teresa,Albania,Europe/Tirane
TID,Bou Chekif Airport,Algeria,Africa/Algiers
TIE,Tippi Airport,Ethiopia,Africa/Addis_Ababa
TIF,Ta’if Regional Airport,Saudi Arabia,Asia/Riyadh
TIH,Tikehau Airport,French Polynesia,Pacific/Tahiti
TII,Tarin Kowt Airport,Afghanistan,Asia/Kabul
TIJ,General Abelardo L. Rodríguez International Airport,Mexico,America/Tijuana
TIK,Tinker Air Force Base,United States,America/Chicago
TIM,Moses Kilangin Airport,Indonesia,Asia/Jayapura
TIN,Tindouf Airport,Algeria,Africa/Algiers
TIP,Tripoli International Airport,Libya,Africa/Tripoli
TIQ,Tinian International Airport,Northern Mariana Islands,Pacific/Saipan
TIR,Tirupati Airport,India,Asia/Calcutta
TIU,Timaru Airport,New Zealand,Pacific/Auckland
TIV,Tivat Airport,Montenegro,Europe/Podgorica
TIW,Tacoma Narrows Airport,United States,America/Los_Angeles
TIX,Space Coast Regional Airport,United States,America/New_York
TIY,Tidjikja Airport,Mauritania,Africa/Nouakchott
TIZ,Tari Airport,Papua New Guinea,Pacific/Port_Moresby
TJA,Capitan Oriel Lea Plaza Airport,Bolivia,America/La_Paz
TJB,Sei Bati Airport,Indonesia,
TJG,Warukin Airport,Indonesia,Asia/Makassar
TJH,Tajima Airport,Japan,Asia/Tokyo
TJI,Trujillo Airport,Honduras,America/Tegucigalpa
TJK,Tokat Airport,Turkey,Europe/Istanbul
TJL,Plínio Alarcom Airport,Brazil,America/Campo_Grande
TJM,Roshchino International Airport,Russia,Asia/Yekaterinburg
TJQ,Buluh Tumbang (H A S Hanandjoeddin) Airport,Indonesia,Asia/Jakarta
TJS,Tanjung Harapan Airport,Indonesia,Asia/Makassar
TJU,Kulob Airport,Tajikistan,Asia/Dushanbe
TJV,Tanjore Air Force Base,India,Asia/Calcutta
TKA,Talkeetna Airport,United States,America/Anchorage
TKC,Tiko Airport,Cameroon,Africa/Douala
TKD,Takoradi Airport,Ghana,Africa/Accra
TKF,Truckee Tahoe Airport,United States,America/Los_Angeles
TKG,Radin Inten II (Branti) Airport,Indonesia,Asia/Jakarta
TKH,Takhli Airport,Thailand,Asia/Bangkok
TKJ,Tok Junction Airport,United States,America/Anchorage
TKK,Chuuk International Airport,Micronesia,Pacific/Truk
TKN,Tokunoshima Airport,Japan,Asia/Tokyo
TKP,Takapoto Airport,French Polynesia,Pacific/Tahiti
TKQ,Kigoma Airport,Tanzania,Africa/Dar_es_Salaam
TKS,Tokushima Airport/JMSDF Air Base,Japan,Asia/Tokyo
TKT,Tak Airport,Thailand,Asia/Bangkok
TKU,Turku Airport,Finland,Europe/Helsinki
TKV,Tatakoto Airport,French Polynesia,
TKX,Takaroa Airport,French Polynesia,Pacific/Tahiti
TLA,Teller Airport,United States,America/Anchorage
TLC,Licenciado Adolfo Lopez Mateos International Airport,Mexico,America/Mexico_City
TLD,Limpopo Valley Airport,Botswana,Africa/Gaborone
TLE,Toliara Airport,Madagascar,Indian/Antananarivo
TLH,Tallahassee Regional Airport,United States,America/New_York
TLI,Sultan Bantilan Airport,Indonesia,
TLJ,Tatalina LRRS Airport,United States,America/Anchorage
TLK,Talakan Airport,Russia,
TLL,Lennart Meri Tallinn Airport,Estonia,Europe/Tallinn
TLM,Zenata – Messali El Hadj Airport,Algeria,Africa/Algiers
TLN,Toulon-Hyères Airport,France,Europe/Paris
TLQ,Turpan Jiaohe Airport,China,Asia/Shanghai
TLS,Toulouse-Blagnac Airport,France,Europe/Paris
TLU,Golfo de Morrosquillo Airport,Colombia,America/Bogota
TLV,Ben Gurion International Airport,Israel,Asia/Jerusalem
TLX,Panguilemo Airport,Chile,
TMA,Henry Tift Myers Airport,United States,America/New_York
TMB,Kendall-Tamiami Executive Airport,United States,America/New_York
TMC,Tambolaka Airport,Indonesia,Asia/Makassar
TME,Gustavo Vargas Airport,Colombia,America/Bogota
TMF,Thimarafushi Airport,Maldives,
TMG,Tomanggong Airport,Malaysia,Asia/Kuala_Lumpur
TMH,Tanah Merah Airport,Indonesia,
TMI,Tumling Tar Airport,Nepal,Asia/Katmandu
TMJ,Termez Airport,Uzbekistan,Asia/Samarkand
TML,Tamale Airport,Ghana,Africa/Accra
TMM,Toamasina Airport,Madagascar,Indian/Antananarivo
TMN,Tamana Island Airport,Kiribati,Pacific/Tarawa
TMO,Tumeremo Airport,Venezuela,America/Caracas
TMP,Tampere-Pirkkala Airport,Finland,Europe/Helsinki
TMR,Aguenar – Hadj Bey Akhamok Airport,Algeria,Africa/Algiers
TMS,São Tomé International Airport,Sao Tome and Principe,Africa/Sao_Tome
TMT,Trombetas Airport,Brazil,America/Belem
TMU,Tambor Airport,Costa Rica,America/Costa_Rica
TMW,Tamworth Airport,Australia,Australia/Sydney
TMX,Timimoun Airport,Algeria,Africa/Algiers
TNA,Yaoqiang Airport,China,Asia/Shanghai
TNC,Tin City Long Range Radar Station Airport,United States,America/Anchorage
TND,Alberto Delgado Airport,Cuba,America/Havana
TNE,New Tanegashima Airport,Japan,Asia/Tokyo
TNF,Toussus-le-Noble Airport,France,Europe/Paris
TNG,Ibn Batouta Airport,Morocco,Africa/Casablanca
TNH,Tonghua Sanyuanpu Airport,China,Asia/Shanghai
TNI,Satna Airport,India,Asia/Calcutta
TNJ,Raja Haji Fisabilillah International Airport,Indonesia,Asia/Jakarta
TNM,Teniente Rodolfo Marsh Martin Base,Antarctica,Antarctica/South_Pole
TNN,Tainan Airport,Taiwan,Asia/Taipei
TNR,Ivato Airport,Madagascar,Indian/Antananarivo
TNT,Dade Collier Training and Transition Airport,United States,America/New_York
TNW,Jumandy Airport,Ecuador,
TNX,Stung Treng Airport,Cambodia,Asia/Phnom_Penh
TOA,Zamperini Field,United States,America/Los_Angeles
TOB,Gamal Abdel Nasser Airport,Libya,Africa/Tripoli
TOC,Toccoa Airport - R.G. Letourneau Field,United States,America/New_York
TOD,Pulau Tioman Airport,Malaysia,Asia/Kuala_Lumpur
TOE,Tozeur Nefta International Airport,Tunisia,Africa/Tunis
TOF,Bogashevo Airport,Russia,Asia/Krasnoyarsk
TOG,Togiak Airport,United States,America/Anchorage
TOH,Torres Airstrip,Vanuatu,Pacific/Efate
TOI,Troy Municipal Airport at N Kenneth Campbell Field,United States,
TOJ,Torrejón Airport,Spain,Europe/Madrid
TOL,Toledo Express Airport,United States,America/New_York
TOM,Timbuktu Airport,Mali,Africa/Bamako
TOO,San Vito De Java Airport,Costa Rica,America/Costa_Rica
TOP,Philip Billard Municipal Airport,United States,America/Chicago
TOQ,Barriles Airport,Chile,
TOS,"Tromsø Airport,",Norway,Europe/Oslo
TOT,Totness Airport,Suriname,America/Paramaribo
TOU,Touho Airport,New Caledonia,Pacific/Noumea
TOW,Toledo Airport,Brazil,America/Sao_Paulo
TOY,Toyama Airport,Japan,Asia/Tokyo
TPA,Tampa International Airport,United States,America/New_York
TPC,Tarapoa Airport,Ecuador,America/Guayaquil
TPE,Taiwan Taoyuan International Airport,Taiwan,Asia/Taipei
TPF,Peter O Knight Airport,United States,
TPH,Tonopah Airport,United States,
TPJ,Taplejung Airport,Nepal,Asia/Katmandu
TPL,Draughon Miller Central Texas Regional Airport,United States,America/Chicago
TPN,Tiputini Airport,Ecuador,America/Guayaquil
TPP,Cadete FAP Guillermo Del Castillo Paredes Airport,Peru,America/Lima
TPQ,Amado Nervo National Airport,Mexico,America/Mazatlan
TPS,Vincenzo Florio Airport Trapani-Birgi,Italy,Europe/Rome
TQD,Al Taqaddum Air Base,Iraq,Asia/Baghdad
TQL,Tarko-Sale Airport,Russia,
TQQ,Maranggo Airport,Indonesia,Asia/Makassar
TQS,Tres Esquinas Air Base,Colombia,
TRA,Tarama Airport,Japan,Asia/Tokyo
TRC,Francisco Sarabia International Airport,Mexico,America/Mexico_City
TRD,Trondheim Airport Værnes,Norway,Europe/Oslo
TRE,Tiree Airport,United Kingdom,Europe/London
TRF,"Sandefjord Airport, Torp",Norway,Europe/Oslo
TRG,Tauranga Airport,New Zealand,Pacific/Auckland
TRI,Tri-Cities Regional TN/VA Airport,United States,America/New_York
TRK,Juwata Airport,Indonesia,Asia/Makassar
TRM,Jacqueline Cochran Regional Airport,United States,America/Los_Angeles
TRN,Turin Airport,Italy,Europe/Rome
TRO,Taree Airport,Australia,Australia/Sydney
TRQ,Tarauacá Airport,Brazil,America/Rio_Branco
TRR,China Bay Airport,Sri Lanka,Asia/Colombo
TRS,Trieste–Friuli Venezia Giulia Airport,Italy,Europe/Rome
TRU,Capitan FAP Carlos Martinez De Pinillos International Airport,Peru,America/Lima
TRV,Trivandrum International Airport,India,Asia/Calcutta
TRW,Bonriki International Airport,Kiribati,Pacific/Tarawa
TRZ,Tiruchirapally Civil Airport Airport,India,Asia/Calcutta
TSA,Taipei Songshan Airport,Taiwan,Asia/Taipei
TSB,Tsumeb Airport,Namibia,Africa/Windhoek
TSE,Astana International Airport,Kazakhstan,Asia/Qyzylorda
TSF,Treviso-Sant'Angelo Airport,Italy,Europe/Rome
TSH,Tshikapa Airport,Congo (Kinshasa),Africa/Lubumbashi
TSJ,Tsushima Airport,Japan,Asia/Tokyo
TSL,Tamuin Airport,Mexico,America/Mexico_City
TSM,Taos Regional Airport,United States,
TSN,Tianjin Binhai International Airport,China,Asia/Shanghai
TSR,Timişoara Traian Vuia Airport,Romania,Europe/Bucharest
TST,Trang Airport,Thailand,Asia/Bangkok
TSU,Tabiteuea South Airport,Kiribati,Pacific/Tarawa
TSV,Townsville Airport,Australia,Australia/Brisbane
TSX,Tanjung Santan Airport,Indonesia,Asia/Makassar
TSY,Cibeureum Airport,Indonesia,Asia/Jakarta
TTA,Tan Tan Airport,Morocco,Africa/Casablanca
TTB,Tortolì Airport,Italy,Europe/Rome
TTC,Las Breas Airport,Chile,
TTD,Portland Troutdale Airport,United States,America/Los_Angeles
TTE,Sultan Khairun Babullah Airport,Indonesia,Asia/Jayapura
TTG,General Enrique Mosconi Airport,Argentina,America/Argentina/Salta
TTH,Thumrait Air Base,Oman,Asia/Muscat
TTI,Tetiaroa Airport,French Polynesia,Pacific/Tahiti
TTJ,Tottori Airport,Japan,Asia/Tokyo
TTL,Turtle Island Seaplane Base,Fiji,
TTN,Trenton Mercer Airport,United States,America/New_York
TTQ,Aerotortuguero Airport,Costa Rica,America/Costa_Rica
TTR,Pongtiku Airport,Indonesia,Asia/Makassar
TTT,Taitung Airport,Taiwan,Asia/Taipei
TTU,Saniat R'mel Airport,Morocco,Africa/Casablanca
TUA,Teniente Coronel Luis a Mantilla Airport,Ecuador,America/Guayaquil
TUB,Tubuai Airport,French Polynesia,Pacific/Tahiti
TUC,Teniente Benjamin Matienzo Airport,Argentina,America/Argentina/Tucuman
TUD,Tambacounda Airport,Senegal,Africa/Dakar
TUF,Tours-Val-de-Loire Airport,France,Europe/Paris
TUG,Tuguegarao Airport,Philippines,Asia/Manila
TUI,Turaif Domestic Airport,Saudi Arabia,Asia/Riyadh
TUK,Turbat International Airport,Pakistan,Asia/Karachi
TUL,Tulsa International Airport,United States,America/Chicago
TUM,Tumut Airport,Australia,
TUN,Tunis Carthage International Airport,Tunisia,Africa/Tunis
TUO,Taupo Airport,New Zealand,Pacific/Auckland
TUP,Tupelo Regional Airport,United States,America/Chicago
TUR,Tucuruí Airport,Brazil,America/Belem
TUS,Tucson International Airport,United States,America/Phoenix
TUU,Tabuk Airport,Saudi Arabia,Asia/Riyadh
TUV,Tucupita Airport,Venezuela,America/Caracas
TVA,Morafenobe Airport,Madagascar,Indian/Antananarivo
TVC,Cherry Capital Airport,United States,America/New_York
TVF,Thief River Falls Regional Airport,United States,America/Chicago
TVI,Thomasville Regional Airport,United States,America/New_York
TVL,Lake Tahoe Airport,United States,America/Los_Angeles
TVU,Matei Airport,Fiji,Pacific/Fiji
TVY,Dawei Airport,Burma,Asia/Rangoon
TWB,Toowoomba Airport,Australia,Australia/Brisbane
TWF,Joslin Field Magic Valley Regional Airport,United States,America/Denver
TWT,Sanga Sanga Airport,Philippines,Asia/Manila
TWU,Tawau Airport,Malaysia,Asia/Kuala_Lumpur
TWZ,Pukaki Airport,New Zealand,Pacific/Auckland
TXF,9 de Maio - Teixeira de Freitas Airport,Brazil,
TXG,Taichung Airport,Taiwan,Asia/Taipei
TXK,Texarkana Regional Webb Field,United States,America/Chicago
TXL,Berlin-Tegel Airport,Germany,Europe/Berlin
TXN,Tunxi International Airport,China,Asia/Shanghai
TYB,Tibooburra Airport,Australia,
TYF,Torsby Airport,Sweden,Europe/Stockholm
TYL,Capitan Montes Airport,Peru,America/Lima
TYM,Staniel Cay Airport,Bahamas,America/Nassau
TYN,Taiyuan Wusu Airport,China,Asia/Shanghai
TYR,Tyler Pounds Regional Airport,United States,America/Chicago
TYS,McGhee Tyson Airport,United States,America/New_York
TZL,Tuzla International Airport,Bosnia and Herzegovina,Europe/Sarajevo
TZR,Taszár Air Base,United States,Europe/Budapest
TZX,Trabzon International Airport,Turkey,Europe/Istanbul
UAB,İncirlik Air Base,Turkey,Europe/Istanbul
UAH,Ua Huka Airport,French Polynesia,Pacific/Marquesas
UAI,Suai Airport,East Timor,Asia/Dili
UAK,Narsarsuaq Airport,Greenland,America/Godthab
UAM,Andersen Air Force Base,Guam,Pacific/Guam
UAP,Ua Pou Airport,French Polynesia,Pacific/Marquesas
UAQ,Domingo Faustino Sarmiento Airport,Argentina,America/Argentina/San_Juan
UAR,Bouarfa Airport,Morocco,Africa/Casablanca
UAS,Buffalo Spring,Kenya,Africa/Nairobi
UBA,Mário de Almeida Franco Airport,Brazil,America/Sao_Paulo
UBB,Mabuiag Island Airport,Australia,Australia/Brisbane
UBJ,Yamaguchi Ube Airport,Japan,Asia/Tokyo
UBP,Ubon Ratchathani Airport,Thailand,Asia/Bangkok
UBT,Ubatuba Airport,Brazil,
UCB,Ulanqab Jining Airport,China,
UCK,Lutsk Airport,Ukraine,Europe/Kiev
UCT,Ukhta Airport,Russia,Europe/Moscow
UDD,Bermuda Dunes Airport,United States,America/Los_Angeles
UDI,Ten. Cel. Aviador César Bombonato Airport,Brazil,America/Sao_Paulo
UDJ,Uzhhorod International Airport,Ukraine,Europe/Kiev
UDR,Maharana Pratap Airport,India,Asia/Calcutta
UEL,Quelimane Airport,Mozambique,Africa/Maputo
UEO,Kumejima Airport,Japan,Asia/Tokyo
UET,Quetta International Airport,Pakistan,Asia/Karachi
UFA,Ufa International Airport,Russia,Asia/Yekaterinburg
UGA,Bulgan Airport,Mongolia,Asia/Ulaanbaatar
UGC,Urgench Airport,Uzbekistan,Asia/Samarkand
UGN,Waukegan National Airport,United States,America/Chicago
UGO,Uige Airport,Angola,Africa/Luanda
UGU,Bilogai-Sugapa Airport,Indonesia,
UHE,Kunovice Airport,Czech Republic,Europe/Prague
UIB,El Caraño Airport,Colombia,America/Bogota
UIH,Phu Cat Airport,Vietnam,Asia/Saigon
UII,Utila Airport,Honduras,America/Tegucigalpa
UIK,Ust-Ilimsk Airport,Russia,Asia/Irkutsk
UIN,Quincy Regional Baldwin Field,United States,America/Chicago
UIO,Mariscal Sucre International Airport,Ecuador,America/Guayaquil
UIP,Quimper-Cornouaille Airport,France,Europe/Paris
UJE,Ujae Atoll Airport,Marshall Islands,Pacific/Majuro
UKA,Ukunda Airstrip,Kenya,Africa/Nairobi
UKB,Kobe Airport,Japan,Asia/Tokyo
UKG,Ust-Kuyga Airport,Russia,
UKI,Ukiah Municipal Airport,United States,
UKK,Ust-Kamennogorsk Airport,Kazakhstan,Asia/Qyzylorda
UKS,Belbek Airport,Ukraine,Europe/Simferopol
UKT,Quakertown Airport,United States,
UKX,Ust-Kut Airport,Russia,Asia/Irkutsk
ULA,Capitan D Daniel Vazquez Airport,Argentina,America/Argentina/Rio_Gallegos
ULB,Uléi Airport,Vanuatu,Pacific/Efate
ULD,Prince Mangosuthu Buthelezi Airport,South Africa,Africa/Johannesburg
ULG,Ulgii Mongolei Airport,Mongolia,Asia/Hovd
ULH,Majeed Bin Abdulaziz Airport,Saudi Arabia,Asia/Riyadh
ULK,Lensk Airport,Russia,Asia/Yakutsk
ULN,Chinggis Khaan International Airport,Mongolia,Asia/Ulaanbaatar
ULO,Ulaangom Airport,Mongolia,Asia/Hovd
ULP,Quilpie Airport,Australia,Australia/Brisbane
ULQ,Heriberto Gíl Martínez Airport,Colombia,America/Bogota
ULU,Gulu Airport,Uganda,Africa/Kampala
ULV,Ulyanovsk Baratayevka Airport,Russia,Europe/Samara
ULY,Ulyanovsk East Airport,Russia,Europe/Samara
ULZ,Donoi Airport,Mongolia,Asia/Ulaanbaatar
UMD,Uummannaq Heliport,Greenland,America/Godthab
UME,Umeå Airport,Sweden,Europe/Stockholm
UMR,Woomera Airfield,Australia,Australia/Adelaide
UMS,Ust-Maya Airport,Russia,Asia/Yakutsk
UMU,Umuarama Airport,Brazil,America/Sao_Paulo
UNA,Hotel Transamérica Airport,Brazil,America/Fortaleza
UND,Konduz Airport,Afghanistan,Asia/Kabul
UNG,Kiunga Airport,Papua New Guinea,Pacific/Port_Moresby
UNI,Union Island International Airport,Saint Vincent and the Grenadines,America/St_Vincent
UNK,Unalakleet Airport,United States,America/Anchorage
UNN,Ranong Airport,Thailand,Asia/Bangkok
UNT,Unst Airport,United Kingdom,Europe/London
UOL,Buol Airport,Indonesia,
UOS,Franklin County Airport,United States,America/Chicago
UOX,University Oxford Airport,United States,
UPB,Playa Baracoa Airport,Cuba,America/Havana
UPG,Hasanuddin International Airport,Indonesia,Asia/Makassar
UPL,Upala Airport,Costa Rica,
UPN,Licenciado y General Ignacio Lopez Rayon Airport,Mexico,America/Mexico_City
UPP,Upolu Airport,United States,Pacific/Honolulu
URA,Uralsk Airport,Kazakhstan,Asia/Oral
URC,Ürümqi Diwopu International Airport,China,Asia/Shanghai
URD,Burg Feuerstein Airport,Germany,Europe/Berlin
URE,Kuressaare Airport,Estonia,Europe/Tallinn
URG,Rubem Berta Airport,Brazil,America/Sao_Paulo
URJ,Uray Airport,Russia,Asia/Yekaterinburg
URO,Rouen Airport,France,Europe/Paris
URS,Kursk East Airport,Russia,Europe/Moscow
URT,Surat Thani Airport,Thailand,Asia/Bangkok
URY,Gurayat Domestic Airport,Saudi Arabia,Asia/Riyadh
USA,Concord-Padgett Regional Airport,United States,America/New_York
USH,Malvinas Argentinas Airport,Argentina,America/Argentina/Ushuaia
USI,Mabaruma Airport,Guyana,America/Guyana
USK,Usinsk Airport,Russia,Europe/Moscow
USM,Samui Airport,Thailand,Asia/Bangkok
USN,Ulsan Airport,South Korea,Asia/Seoul
USQ,Uşak Airport,Turkey,Europe/Istanbul
USR,Ust-Nera Airport,Russia,Asia/Vladivostok
USS,Sancti Spiritus Airport,Cuba,America/Havana
UST,Northeast Florida Regional Airport,United States,America/New_York
USU,Francisco B. Reyes Airport,Philippines,Asia/Manila
UTA,Mutare Airport,Zimbabwe,Africa/Harare
UTC,Soesterberg Air Base,Netherlands,Europe/Amsterdam
UTH,Udon Thani Airport,Thailand,Asia/Bangkok
UTI,Utti Air Base,Finland,Europe/Helsinki
UTK,Utirik Airport,Marshall Islands,Pacific/Majuro
UTM,Tunica Municipal Airport,United States,America/Chicago
UTN,Pierre Van Ryneveld Airport,South Africa,Africa/Johannesburg
UTO,Indian Mountain LRRS Airport,United States,America/Anchorage
UTP,U-Tapao International Airport,Thailand,Asia/Bangkok
UTS,Ust-Tsylma Airport,Russia,Europe/Moscow
UTT,K. D. Matanzima Airport,South Africa,Africa/Johannesburg
UTW,Queenstown Airport,South Africa,Africa/Johannesburg
UUA,Bugulma Airport,Russia,Europe/Moscow
UUD,Ulan-Ude Airport (Mukhino),Russia,Asia/Irkutsk
UUK,Ugnu-Kuparuk Airport,United States,America/Anchorage
UUN,Baruun Urt Airport,Mongolia,
UUS,Yuzhno-Sakhalinsk Airport,Russia,Asia/Srednekolymsk
UVA,Garner Field,United States,America/Chicago
UVE,Ouvéa Airport,New Caledonia,Pacific/Noumea
UVF,Hewanorra International Airport,Saint Lucia,America/St_Lucia
UYL,Nyala Airport,Sudan,Africa/Khartoum
UYN,Yulin Yuyang Airport,China,Asia/Shanghai
UYU,Uyuni Airport,Bolivia,America/La_Paz
UZR,Urzhar Airport,Kazakhstan,
UZU,Curuzu Cuatia Airport,Argentina,America/Cordoba
VAA,Vaasa Airport,Finland,Europe/Helsinki
VAD,Moody Air Force Base,United States,America/New_York
VAF,Valence-Chabeuil Airport,France,Europe/Paris
VAG,Major Brigadeiro Trompowsky Airport,Brazil,America/Sao_Paulo
VAI,Vanimo Airport,Papua New Guinea,Pacific/Port_Moresby
VAK,Chevak Airport,United States,America/Anchorage
VAL,Valença Airport,Brazil,America/Fortaleza
VAM,Villa Airport,Maldives,Indian/Maldives
VAN,Van Ferit Melen Airport,Turkey,Europe/Istanbul
VAO,Suavanao Airport,Solomon Islands,Pacific/Guadalcanal
VAR,Varna Airport,Bulgaria,Europe/Sofia
VAS,Sivas Nuri Demirağ Airport,Turkey,Europe/Istanbul
VAV,Vava'u International Airport,Tonga,Pacific/Tongatapu
VAW,"Vardø Airport, Svartnes",Norway,Europe/Oslo
VBA,Ann Airport,Burma,Asia/Rangoon
VBG,Vandenberg Air Force Base,United States,America/Los_Angeles
VBP,Bokpyinn Airport,Burma,Asia/Rangoon
VBS,Brescia Airport,Italy,Europe/Rome
VBV,Vanua Balavu Airport,Fiji,Pacific/Fiji
VBY,Visby Airport,Sweden,Europe/Stockholm
VCA,Can Tho International Airport,Vietnam,Asia/Saigon
VCD,Victoria River Downs Airport,Australia,Australia/Darwin
VCE,Venice Marco Polo Airport,Italy,Europe/Rome
VCL,Chu Lai International Airport,Vietnam,Asia/Saigon
VCP,Viracopos International Airport,Brazil,America/Sao_Paulo
VCR,Carora Airport,Venezuela,America/Caracas
VCS,Co Ong Airport,Vietnam,Asia/Saigon
VCT,Victoria Regional Airport,United States,America/Chicago
VCV,Southern California Logistics Airport,United States,America/Los_Angeles
VDA,Ovda International Airport,Israel,Asia/Jerusalem
VDB,Leirin Airport,Norway,Europe/Oslo
VDC,Vitória da Conquista Airport,Brazil,America/Fortaleza
VDE,Hierro Airport,Spain,Atlantic/Canary
VDH,Dong Hoi Airport,Vietnam,Asia/Saigon
VDI,Vidalia Regional Airport,United States,
VDM,Gobernador Castello Airport,Argentina,America/Argentina/Salta
VDP,Valle de La Pascua Airport,Venezuela,America/Caracas
VDR,Villa Dolores Airport,Argentina,America/Cordoba
VDS,Vadsø Airport,Norway,Europe/Oslo
VDY,Vijayanagar Aerodrome (JSW),India,
VDZ,Valdez Pioneer Field,United States,America/Anchorage
VEE,Venetie Airport,United States,America/Anchorage
VEL,Vernal Regional Airport,United States,America/Denver
VER,General Heriberto Jara International Airport,Mexico,America/Mexico_City
VEY,Vestmannaeyjar Airport,Iceland,Atlantic/Reykjavik
VFA,Victoria Falls International Airport,Zimbabwe,Africa/Harare
VGA,Vijayawada Airport,India,Asia/Calcutta
VGD,Vologda Airport,Russia,Europe/Moscow
VGO,Vigo Airport,Spain,Europe/Madrid
VGT,North Las Vegas Airport,United States,America/Los_Angeles
VGZ,Villa Garzón Airport,Colombia,America/Bogota
VHC,Saurimo Airport,Angola,Africa/Luanda
VHM,Vilhelmina Airport,Sweden,Europe/Stockholm
VHV,Verkhnevilyuisk Airport,Russia,
VHY,Vichy-Charmeil Airport,France,Europe/Paris
VHZ,Vahitahi Airport,French Polynesia,
VIC,Vicenza Airport,Italy,Europe/Rome
VIE,Vienna International Airport,Austria,Europe/Vienna
VIG,Juan Pablo Pérez Alfonso Airport,Venezuela,America/Caracas
VII,Vinh Airport,Vietnam,Asia/Saigon
VIJ,Virgin Gorda Airport,British Virgin Islands,America/Tortola
VIL,Dakhla Airport,Western Sahara,Africa/El_Aaiun
VIN,Vinnytsia/Gavyryshivka Airport,Ukraine,Europe/Kiev
VIR,Virginia Airport,South Africa,Africa/Johannesburg
VIS,Visalia Municipal Airport,United States,America/Los_Angeles
VIT,Vitoria/Foronda Airport,Spain,Europe/Madrid
VIX,Eurico de Aguiar Salles Airport,Brazil,America/Sao_Paulo
VIY,Villacoublay-Vélizy (BA 107) Air Base,France,Europe/Paris
VKG,Rach Gia Airport,Vietnam,Asia/Saigon
VKO,Vnukovo International Airport,Russia,Europe/Moscow
VKT,Vorkuta Airport,Russia,Europe/Moscow
VLC,Valencia Airport,Spain,Europe/Madrid
VLD,Valdosta Regional Airport,United States,America/New_York
VLG,Villa Gesell Airport,Argentina,America/Buenos_Aires
VLI,Bauerfield International Airport,Vanuatu,Pacific/Efate
VLK,Volgodonsk Airport,Russia,
VLL,Valladolid Airport,Spain,Europe/Madrid
VLM,Teniente Coronel Rafael Pabón Airport,Bolivia,America/La_Paz
VLN,Arturo Michelena International Airport,Venezuela,America/Caracas
VLP,Vila Rica Airport,Brazil,
VLR,Vallenar Airport,Chile,America/Santiago
VLS,Valesdir Airport,Vanuatu,Pacific/Efate
VLU,Velikiye Luki Airport,Russia,Europe/Moscow
VLV,Dr. Antonio Nicolás Briceño Airport,Venezuela,America/Caracas
VLY,Anglesey Airport,United Kingdom,Europe/London
VME,Villa Reynolds Airport,Argentina,America/Argentina/San_Luis
VMU,Baimuru Airport,Papua New Guinea,Pacific/Port_Moresby
VNA,Saravane Airport,Laos,Asia/Vientiane
VNC,Venice Municipal Airport,United States,America/New_York
VNE,Vannes-Meucon Airport,France,Europe/Paris
VNO,Vilnius International Airport,Lithuania,Europe/Vilnius
VNS,Lal Bahadur Shastri Airport,India,Asia/Calcutta
VNT,Ventspils International Airport,Latvia,Europe/Riga
VNX,Vilankulo Airport,Mozambique,Africa/Maputo
VNY,Van Nuys Airport,United States,America/Los_Angeles
VOD,Vodochody Airport,Czech Republic,Europe/Prague
VOG,Volgograd International Airport,Russia,Europe/Moscow
VOH,Vohimarina Airport,Madagascar,Indian/Antananarivo
VOK,Volk Field,United States,America/Chicago
VOL,Nea Anchialos Airport,Greece,Europe/Athens
VOZ,Voronezh International Airport,Russia,Europe/Moscow
VPE,Ngjiva Pereira Airport,Angola,Africa/Luanda
VPN,Vopnafjörður Airport,Iceland,Atlantic/Reykjavik
VPS,Destin-Ft Walton Beach Airport,United States,America/Chicago
VPY,Chimoio Airport,Mozambique,Africa/Maputo
VPZ,Porter County Municipal Airport,United States,
VQQ,Cecil Airport,United States,America/New_York
VQS,Vieques Airport,Puerto Rico,America/Puerto_Rico
VRA,Juan Gualberto Gomez International Airport,Cuba,America/Havana
VRB,Vero Beach Regional Airport,United States,America/New_York
VRC,Virac Airport,Philippines,Asia/Manila
VRE,Vredendal Airport,South Africa,Africa/Johannesburg
VRK,Varkaus Airport,Finland,Europe/Helsinki
VRL,Vila Real Airport,Portugal,Europe/Lisbon
VRN,Verona Villafranca Airport,Italy,Europe/Rome
VRO,Kawama Airport,Cuba,America/Havana
VRU,Vryburg Airport,South Africa,Africa/Johannesburg
VRY,Værøy Heliport,Norway,Europe/Oslo
VSA,Carlos Rovirosa Pérez International Airport,Mexico,America/Mexico_City
VSE,Aerodromo Goncalves Lobato (Viseu Airport),Portugal,Europe/Lisbon
VSG,Luhansk International Airport,Ukraine,Europe/Kiev
VST,Stockholm Västerås Airport,Sweden,Europe/Stockholm
VTB,Vitebsk Vostochny Airport,Belarus,Europe/Minsk
VTE,Wattay International Airport,Laos,Asia/Vientiane
VTM,Nevatim Air Base,Israel,Asia/Jerusalem
VTN,Miller Field,United States,
VTU,Hermanos Ameijeiras Airport,Cuba,America/Havana
VTZ,Vishakhapatnam Airport,India,Asia/Calcutta
VUP,Alfonso López Pumarejo Airport,Colombia,America/Bogota
VUS,Velikiy Ustyug Airport,Russia,Europe/Moscow
VVC,Vanguardia Airport,Colombia,America/Bogota
VVI,Viru Viru International Airport,Bolivia,America/La_Paz
VVO,Vladivostok International Airport,Russia,Asia/Vladivostok
VVZ,Illizi Takhamalt Airport,Algeria,Africa/Algiers
VXC,Lichinga Airport,Mozambique,Africa/Maputo
VXE,São Pedro Airport,Cape Verde,Atlantic/Cape_Verde
VXO,Växjö Kronoberg Airport,Sweden,Europe/Stockholm
VYI,Vilyuisk Airport,Russia,
VYS,Illinois Valley Regional Airport-Walter A Duncan Field,United States,America/Chicago
WAA,Wales Airport,United States,America/Anchorage
WAE,Wadi Al Dawasir Airport,Saudi Arabia,Asia/Riyadh
WAF,Wana Airport,Pakistan,Asia/Karachi
WAG,Wanganui Airport,New Zealand,Pacific/Auckland
WAI,Ambalabe Airport,Madagascar,Indian/Antananarivo
WAL,Wallops Flight Facility Airport,United States,America/New_York
WAM,Ambatondrazaka Airport,Madagascar,Indian/Antananarivo
WAQ,Antsalova Airport,Madagascar,Indian/Antananarivo
WAR,Waris Airport,Indonesia,Asia/Jayapura
WAT,Waterford Airport,Ireland,Europe/Dublin
WAW,Warsaw Chopin Airport,Poland,Europe/Warsaw
WBG,Schleswig Air Base,Germany,Europe/Berlin
WBM,Wapenamanda Airport,Papua New Guinea,Pacific/Port_Moresby
WBQ,Beaver Airport,United States,America/Anchorage
WBU,Boulder Municipal Airport,United States,America/Denver
WBW,Wilkes Barre Wyoming Valley Airport,United States,America/New_York
WCH,Chaitén Airport,Chile,America/Santiago
WDH,Hosea Kutako International Airport,Namibia,Africa/Windhoek
WDR,Barrow County Airport,United States,America/New_York
WDS,Shiyan Wudangshan Airport,China,
WEF,Weifang Airport,China,Asia/Shanghai
WEH,Weihai Airport,China,Asia/Shanghai
WEI,Weipa Airport,Australia,Australia/Brisbane
WFI,Fianarantsoa Airport,Madagascar,Indian/Antananarivo
WFK,Northern Aroostook Regional Airport,United States,America/New_York
WGA,Wagga Wagga City Airport,Australia,Australia/Sydney
WGE,Walgett Airport,Australia,Australia/Sydney
WGN,Shaoyang Wugang Airport,China,
WGP,Umbu Mehang Kunda Airport,Indonesia,Asia/Makassar
WGT,Wangaratta Airport,Australia,
WHF,Wadi Halfa Airport,Sudan,Africa/Khartoum
WHK,Whakatane Airport,New Zealand,Pacific/Auckland
WHP,Whiteman Airport,United States,America/Los_Angeles
WHU,Wuhu Air Base,China,
WIC,Wick Airport,United Kingdom,Europe/London
WIE,Wiesbaden Army Airfield,Germany,Europe/Berlin
WIK,Waiheke Reeve Airport,New Zealand,
WIL,Nairobi Wilson Airport,Kenya,Africa/Nairobi
WIN,Winton Airport,Australia,Australia/Brisbane
WIO,Wilcannia Airport,Australia,Australia/Sydney
WIR,Wairoa Airport,New Zealand,Pacific/Auckland
WJF,General WM J Fox Airfield,United States,
WJR,Wajir Airport,Kenya,Africa/Nairobi
WJU,Wonju/Hoengseong Air Base (K-38/K-46),South Korea,Asia/Seoul
WKA,Wanaka Airport,New Zealand,Pacific/Auckland
WKB,Warracknabeal Airport,Australia,
WKF,Waterkloof Air Force Base,South Africa,Africa/Johannesburg
WKI,Hwange (Town) Airport,Zimbabwe,
WKJ,Wakkanai Airport,Japan,Asia/Tokyo
WKK,Aleknagik / New Airport,United States,America/Anchorage
WKL,Waikoloa Heliport,United States,Pacific/Honolulu
WKR,Abaco I Walker C Airport,Bahamas,
WLD,Strother Field,United States,America/Chicago
WLG,Wellington International Airport,New Zealand,Pacific/Auckland
WLH,Walaha Airport,Vanuatu,Pacific/Efate
WLK,Selawik Airport,United States,America/Anchorage
WLS,Hihifo Airport,Wallis and Futuna,Pacific/Wallis
WMA,Mandritsara Airport,Madagascar,Indian/Antananarivo
WMB,Warrnambool Airport,Australia,
WMC,Winnemucca Municipal Airport,United States,
WME,Mount Keith Airport,Australia,Australia/Perth
WMH,Ozark Regional Airport,United States,
WMI,Modlin Airport,Poland,Europe/Warsaw
WMN,Maroantsetra Airport,Madagascar,Indian/Antananarivo
WMO,White Mountain Airport,United States,America/Anchorage
WMP,Mampikony Airport,Madagascar,Indian/Antananarivo
WMR,Mananara Nord Airport,Madagascar,Indian/Antananarivo
WMT,Zunyi Maotai Airport,China,
WMX,Wamena Airport,Indonesia,Asia/Jayapura
WNA,Napakiak Airport,United States,America/Anchorage
WNN,Wunnumin Lake Airport,Canada,America/Toronto
WNP,Naga Airport,Philippines,Asia/Manila
WNR,Windorah Airport,Australia,Australia/Brisbane
WNS,Shaheed Benazirabad Airport,Pakistan,Asia/Karachi
WNZ,Wenzhou Longwan International Airport,China,Asia/Shanghai
WOE,Woensdrecht Air Base,Netherlands,Europe/Amsterdam
WOL,Wollongong Airport,Australia,Australia/Sydney
WOS,Wonsan Kalma International Airport,North Korea,
WOT,Wang-an Airport,Taiwan,Asia/Taipei
WPB,Port Bergé Airport,Madagascar,Indian/Antananarivo
WPC,Pincher Creek Airport,Canada,
WPR,Capitan Fuentes Martinez Airport Airport,Chile,America/Santiago
WPU,Guardiamarina Zañartu Airport,Chile,America/Santiago
WRB,Robins Air Force Base,United States,America/New_York
WRE,Whangarei Airport,New Zealand,Pacific/Auckland
WRG,Wrangell Airport,United States,America/Anchorage
WRI,Mc Guire Air Force Base,United States,America/New_York
WRL,Worland Municipal Airport,United States,America/Denver
WRO,Copernicus Wrocław Airport,Poland,Europe/Warsaw
WRT,Warton Airport,United Kingdom,Europe/London
WRY,Westray Airport,United Kingdom,Europe/London
WRZ,Weerawila Airport,Sri Lanka,Asia/Colombo
WSD,Condron Army Air Field,United States,America/Denver
WSN,South Naknek Nr 2 Airport,United States,America/Anchorage
WSO,Washabo Airport,Suriname,America/Paramaribo
WSP,Waspam Airport,Nicaragua,America/Managua
WSR,Wasior Airport,Indonesia,Asia/Jayapura
WST,Westerly State Airport,United States,America/New_York
WSY,Whitsunday Island Airport,Australia,Australia/Brisbane
WSZ,Westport Airport,New Zealand,Pacific/Auckland
WTA,Tambohorano Airport,Madagascar,Indian/Antananarivo
WTB,Toowoomba Wellcamp Airport,Australia,Australia/Brisbane
WTK,Noatak Airport,United States,America/Anchorage
WTN,RAF Waddington,United Kingdom,Europe/London
WTS,Tsiroanomandidy Airport,Madagascar,Indian/Antananarivo
WTZ,Whitianga Airport,New Zealand,Pacific/Auckland
WUA,Wuhai Airport,China,Asia/Shanghai
WUH,Wuhan Tianhe International Airport,China,Asia/Shanghai
WUN,Wiluna Airport,Australia,Australia/Perth
WUS,Nanping Wuyishan Airport,China,Asia/Shanghai
WUT,Xinzhou Wutaishan Airport,China,
WUU,Wau Airport,Sudan,Africa/Juba
WUX,Sunan Shuofang International Airport,China,Asia/Shanghai
WUZ,Wuzhou Changzhoudao Airport,China,Asia/Shanghai
WVB,Walvis Bay Airport,Namibia,Africa/Windhoek
WVI,Watsonville Municipal Airport,United States,
WVK,Manakara Airport,Madagascar,Indian/Antananarivo
WVN,Wilhelmshaven-Mariensiel Airport,Germany,Europe/Berlin
WWA,Wasilla Airport,United States,
WWD,Cape May County Airport,United States,America/New_York
WWK,Wewak International Airport,Papua New Guinea,Pacific/Port_Moresby
WWR,West Woodward Airport,United States,
WWY,West Wyalong Airport,Australia,
WXN,Wanxian Airport,China,Asia/Shanghai
WYA,Whyalla Airport,Australia,Australia/Adelaide
WYE,Yengema Airport,Sierra Leone,Africa/Freetown
WYN,Wyndham Airport,Australia,Australia/Perth
WYS,Yellowstone Airport,United States,America/Denver
XAB,Abbeville,France,Europe/Paris
XAP,Serafin Enoss Bertaso Airport,Brazil,America/Sao_Paulo
XAU,Saúl Airport,French Guiana,America/Cayenne
XBE,Bearskin Lake Airport,Canada,America/Winnipeg
XBJ,Birjand Airport,Iran,Asia/Tehran
XCH,Christmas Island Airport,Christmas Island,Indian/Christmas
XCR,Châlons-Vatry Airport,France,Europe/Paris
XCZ,Charleville-Mézières Airport,France,Europe/Paris
XEN,Xingcheng Air Base,China,
XFN,Xiangyang Liuji Airport,China,Asia/Shanghai
XFW,Hamburg-Finkenwerder Airport,Germany,Europe/Berlin
XGN,Xangongo Airport,Angola,Africa/Luanda
XGR,Kangiqsualujjuaq (Georges River) Airport,Canada,America/Toronto
XIC,Xichang Qingshan Airport,China,Asia/Shanghai
XIJ,Ahmed Al Jaber Air Base,Kuwait,
XIL,Xilinhot Airport,China,Asia/Shanghai
XIQ,Ilimanaq Heliport,Greenland,
XIY,Xi'an Xianyang International Airport,China,Asia/Shanghai
XJD,Al Udeid Air Base,Qatar,Asia/Qatar
XJM,Mangla Airport,Pakistan,Asia/Karachi
XKH,Xieng Khouang Airport,Laos,Asia/Vientiane
XKS,Kasabonika Airport,Canada,America/Toronto
XLB,Lac Brochet Airport,Canada,America/Winnipeg
XLS,Saint Louis Airport,Senegal,Africa/Dakar
XMC,Mallacoota Airport,Australia,Australia/Hobart
XME,Maubeuge-Élesmes Airport,France,Europe/Paris
XMH,Manihi Airport,French Polynesia,Pacific/Tahiti
XMN,Xiamen Gaoqi International Airport,China,Asia/Shanghai
XMS,Coronel E Carvajal Airport,Ecuador,America/Guayaquil
XMW,Montauban Airport,France,Europe/Paris
XMY,Yam Island Airport,Australia,Australia/Brisbane
XNA,Northwest Arkansas Regional Airport,United States,America/Chicago
XNN,Xining Caojiabu Airport,China,Asia/Shanghai
XOG,Orange-Caritat (BA 115) Air Base,France,Europe/Paris
XPK,Pukatawagan Airport,Canada,
XPL,Coronel Enrique Soto Cano Air Base,Honduras,
XPP,Poplar River Airport,Canada,
XQC,Joint Base Balad,Iraq,Asia/Baghdad
XQP,Quepos Managua Airport,Costa Rica,America/Costa_Rica
XRH,RAAF Base Richmond,Australia,Australia/Sydney
XRR,Ross River Airport,Canada,
XRY,Jerez Airport,Spain,Europe/Madrid
XSB,Sir Bani Yas Airport,United Arab Emirates,Asia/Dubai
XSC,South Caicos Airport,Turks and Caicos Islands,America/Grand_Turk
XSD,Tonopah Test Range Airport,United States,America/Los_Angeles
XSI,South Indian Lake Airport,Canada,America/Winnipeg
XSP,Seletar Airport,Singapore,Asia/Singapore
XTG,Thargomindah Airport,Australia,Australia/Brisbane
XTL,Tadoule Lake Airport,Canada,America/Winnipeg
XTO,Taroom Airport,Australia,
XUZ,Xuzhou Guanyin Airport,China,Asia/Shanghai
XVS,Valenciennes-Denain Airport,France,Europe/Paris
XXN,Riyadh Air Base,Saudi Arabia,
XYA,Yandina Airport,Solomon Islands,Pacific/Guadalcanal
XYE,Ye Airport,Burma,Asia/Rangoon
YAA,Anahim Lake Airport,Canada,America/Vancouver
YAB,Old Arctic Bay Airport,Canada,America/Winnipeg
YAC,Cat Lake Airport,Canada,America/Winnipeg
YAG,Fort Frances Municipal Airport,Canada,America/Winnipeg
YAH,La Grande-4 Airport,Canada,
YAI,Gral. Bernardo O´Higgins Airport,Chile,America/Santiago
YAK,Yakutat Airport,United States,America/Anchorage
YAL,Alert Bay Airport,Canada,
YAM,Sault Ste Marie Airport,Canada,America/Toronto
YAO,Yaoundé Airport,Cameroon,Africa/Douala
YAP,Yap International Airport,Micronesia,Pacific/Truk
YAS,Yasawa Island Airport,Fiji,
YAT,Attawapiskat Airport,Canada,America/Toronto
YAX,Wapekeka Airport,Canada,America/Winnipeg
YAY,St. Anthony Airport,Canada,America/St_Johns
YAZ,Tofino / Long Beach Airport,Canada,America/Vancouver
YBA,Banff Airport,Canada,
YBB,Kugaaruk Airport,Canada,America/Edmonton
YBC,Baie Comeau Airport,Canada,America/Toronto
YBE,Uranium City Airport,Canada,America/Regina
YBG,CFB Bagotville,Canada,America/Toronto
YBI,Black Tickle Airport,Canada,America/Halifax
YBK,Baker Lake Airport,Canada,America/Winnipeg
YBL,Campbell River Airport,Canada,America/Vancouver
YBO,Bob Quinn Lake Airport,Canada,America/Vancouver
YBP,Yibin Caiba Airport,China,Asia/Shanghai
YBR,Brandon Municipal Airport,Canada,America/Winnipeg
YBS,Opapimiskan Lake Airport,Canada,
YBT,Brochet Airport,Canada,America/Winnipeg
YBV,Berens River Airport,Canada,America/Winnipeg
YBW,Bedwell Harbour Seaplane Base,Canada,America/Vancouver
YBX,Lourdes de Blanc Sablon Airport,Canada,America/Blanc-Sablon
YBY,Bonnyville Airport,Canada,America/Edmonton
YCB,Cambridge Bay Airport,Canada,America/Edmonton
YCC,Cornwall Regional Airport,Canada,America/Toronto
YCD,Nanaimo Airport,Canada,America/Vancouver
YCE,Centralia / James T. Field Memorial Aerodrome,Canada,
YCG,Castlegar/West Kootenay Regional Airport,Canada,America/Vancouver
YCH,Miramichi Airport,Canada,America/Halifax
YCK,Colville Lake Airport,Canada,America/Edmonton
YCL,Charlo Airport,Canada,America/Halifax
YCM,Niagara District Airport,Canada,America/Toronto
YCN,Cochrane Airport,Canada,America/Toronto
YCO,Kugluktuk Airport,Canada,America/Edmonton
YCQ,Chetwynd Airport,Canada,
YCR,Cross Lake (Charlie Sinclair Memorial) Airport,Canada,America/Winnipeg
YCS,Chesterfield Inlet Airport,Canada,America/Winnipeg
YCT,Coronation Airport,Canada,America/Edmonton
YCU,Yuncheng Guangong Airport,China,Asia/Shanghai
YCW,Chilliwack Airport,Canada,America/Vancouver
YCY,Clyde River Airport,Canada,America/Toronto
YDA,Dawson City Airport,Canada,America/Vancouver
YDB,Burwash Airport,Canada,America/Vancouver
YDF,Deer Lake Airport,Canada,America/St_Johns
YDG,Digby / Annapolis Regional Airport,Canada,
YDL,Dease Lake Airport,Canada,America/Vancouver
YDN,Dauphin Barker Airport,Canada,America/Winnipeg
YDO,Dolbeau St Felicien Airport,Canada,
YDP,Nain Airport,Canada,America/Halifax
YDQ,Dawson Creek Airport,Canada,America/Dawson_Creek
YDT,Boundary Bay Airport,Canada,America/Vancouver
YEC,Yecheon Airbase,South Korea,Asia/Seoul
YEG,Edmonton International Airport,Canada,America/Edmonton
YEI,Bursa Yenişehir Airport,Turkey,Europe/Istanbul
YEK,Arviat Airport,Canada,America/Winnipeg
YEL,Elliot Lake Municipal Airport,Canada,America/Toronto
YEM,Manitoulin East Municipal Airport,Canada,America/Toronto
YEN,Estevan Airport,Canada,America/Regina
YEO,RNAS Yeovilton,United Kingdom,Europe/London
YER,Fort Severn Airport,Canada,America/Toronto
YES,Yasouj Airport,Iran,Asia/Tehran
YET,Edson Airport,Canada,America/Edmonton
YEU,Eureka Airport,Canada,America/Winnipeg
YEV,Inuvik Mike Zubko Airport,Canada,America/Edmonton
YEY,Amos/Magny Airport,Canada,
YFA,Fort Albany Airport,Canada,America/Toronto
YFB,Iqaluit Airport,Canada,America/Toronto
YFC,Fredericton Airport,Canada,America/Halifax
YFE,Forestville Airport,Canada,America/Toronto
YFH,Fort Hope Airport,Canada,America/Toronto
YFJ,Wekweètì Airport,Canada,America/Edmonton
YFO,Flin Flon Airport,Canada,America/Winnipeg
YFR,Fort Resolution Airport,Canada,America/Edmonton
YFS,Fort Simpson Airport,Canada,America/Edmonton
YFX,St. Lewis (Fox Harbour) Airport,Canada,America/St_Johns
YGB,Texada Gillies Bay Airport,Canada,America/Vancouver
YGG,Ganges Seaplane Base,Canada,America/Vancouver
YGH,Fort Good Hope Airport,Canada,America/Edmonton
YGJ,Miho Yonago Airport,Japan,Asia/Tokyo
YGK,Kingston Norman Rogers Airport,Canada,America/Toronto
YGL,La Grande Rivière Airport,Canada,America/Toronto
YGM,Gimli Industrial Park Airport,Canada,America/Winnipeg
YGO,Gods Lake Narrows Airport,Canada,America/Winnipeg
YGP,Gaspé (Michel-Pouliot) Airport,Canada,America/Toronto
YGQ,Geraldton Greenstone Regional Airport,Canada,America/Toronto
YGR,Îles-de-la-Madeleine Airport,Canada,America/Toronto
YGT,Igloolik Airport,Canada,America/Toronto
YGV,Havre St Pierre Airport,Canada,America/Toronto
YGW,Kuujjuarapik Airport,Canada,America/Toronto
YGX,Gillam Airport,Canada,America/Winnipeg
YGZ,Grise Fiord Airport,Canada,America/Toronto
YHA,Port Hope Simpson Airport,Canada,America/St_Johns
YHB,Hudson Bay Airport,Canada,America/Regina
YHD,Dryden Regional Airport,Canada,America/Winnipeg
YHE,Hope Airport,Canada,
YHF,Hearst René Fontaine Municipal Airport,Canada,America/Toronto
YHI,Ulukhaktok Holman Airport,Canada,America/Edmonton
YHK,Gjoa Haven Airport,Canada,America/Edmonton
YHM,John C. Munro Hamilton International Airport,Canada,America/Toronto
YHN,Hornepayne Municipal Airport,Canada,America/Toronto
YHO,Hopedale Airport,Canada,America/Halifax
YHP,Poplar Hill Airport,Canada,America/Winnipeg
YHR,Chevery Airport,Canada,America/Blanc-Sablon
YHT,Haines Junction Airport,Canada,
YHU,Montréal / Saint-Hubert Airport,Canada,America/Toronto
YHY,Hay River / Merlyn Carter Airport,Canada,America/Edmonton
YHZ,Halifax / Stanfield International Airport,Canada,America/Halifax
YIB,Atikokan Municipal Airport,Canada,America/Coral_Harbour
YIC,Yichun Mingyueshan Airport,China,Asia/Shanghai
YIE,Arxan Yi'ershi Airport,China,
YIF,St Augustin Airport,Canada,America/Blanc-Sablon
YIH,Yichang Sanxia Airport,China,Asia/Shanghai
YIK,Ivujivik Airport,Canada,America/Toronto
YIN,Yining Airport,China,Asia/Shanghai
YIO,Pond Inlet Airport,Canada,America/Toronto
YIP,Willow Run Airport,United States,America/New_York
YIV,Island Lake Airport,Canada,America/Winnipeg
YIW,Yiwu Airport,China,Asia/Shanghai
YJF,Fort Liard Airport,Canada,
YJN,St Jean Airport,Canada,America/Toronto
YJP,Hinton/Jasper-Hinton Airport,Canada,
YJT,Stephenville Airport,Canada,America/St_Johns
YKA,Kamloops Airport,Canada,America/Vancouver
YKF,Waterloo Airport,Canada,America/Toronto
YKG,Kangirsuk Airport,Canada,America/Toronto
YKH,Yingkou Lanqi Airport,China,
YKJ,Key Lake Airport,Canada,
YKL,Schefferville Airport,Canada,America/Toronto
YKM,Yakima Air Terminal McAllister Field,United States,America/Los_Angeles
YKN,Chan Gurney Municipal Airport,United States,America/Chicago
YKO,Hakkari Yüksekova Airport,Turkey,
YKQ,Waskaganish Airport,Canada,America/Toronto
YKS,Yakutsk Airport,Russia,Asia/Yakutsk
YKU,Chisasibi Airport,Canada,America/Toronto
YKX,Kirkland Lake Airport,Canada,America/Toronto
YKY,Kindersley Airport,Canada,America/Regina
YKZ,Buttonville Municipal Airport,Canada,America/Toronto
YLC,Kimmirut Airport,Canada,America/Toronto
YLD,Chapleau Airport,Canada,America/Toronto
YLE,Whatì Airport,Canada,America/Edmonton
YLH,Lansdowne House Airport,Canada,America/Toronto
YLI,Ylivieska Airfield,Finland,Europe/Helsinki
YLJ,Meadow Lake Airport,Canada,America/Regina
YLK,Barrie-Orillia (Lake Simcoe Regional Airport),Canada,America/Toronto
YLL,Lloydminster Airport,Canada,America/Edmonton
YLR,Leaf Rapids Airport,Canada,
YLT,Alert Airport,Canada,America/Toronto
YLW,Kelowna International Airport,Canada,America/Vancouver
YLY,Langley Airport,Canada,America/Vancouver
YMA,Mayo Airport,Canada,America/Vancouver
YME,Matane Airport,Canada,
YMG,Manitouwadge Airport,Canada,America/Toronto
YMH,Mary's Harbour Airport,Canada,America/St_Johns
YMJ,Moose Jaw Air Vice Marshal C. M. McEwen Airport,Canada,America/Regina
YML,Charlevoix Airport,Canada,
YMM,Fort McMurray Airport,Canada,America/Edmonton
YMN,Makkovik Airport,Canada,America/Halifax
YMO,Moosonee Airport,Canada,America/Toronto
YMS,Moises Benzaquen Rengifo Airport,Peru,America/Lima
YMT,Chapais Airport,Canada,America/Toronto
YMW,Maniwaki Airport,Canada,America/Toronto
YMX,Montreal International (Mirabel) Airport,Canada,America/Toronto
YNA,Natashquan Airport,Canada,America/Toronto
YNB,Prince Abdulmohsin Bin Abdulaziz Airport,Saudi Arabia,Asia/Riyadh
YNC,Wemindji Airport,Canada,America/Toronto
YND,Ottawa / Gatineau Airport,Canada,America/Toronto
YNE,Norway House Airport,Canada,America/Winnipeg
YNG,Youngstown Warren Regional Airport,United States,America/New_York
YNJ,Yanji Chaoyangchuan Airport,China,Asia/Shanghai
YNL,Points North Landing Airport,Canada,America/Regina
YNM,Matagami Airport,Canada,America/Toronto
YNO,North Spirit Lake Airport,Canada,America/Winnipeg
YNP,Natuashish Airport,Canada,America/Halifax
YNS,Nemiscau Airport,Canada,America/Toronto
YNT,Yantai Laishan Airport,China,Asia/Shanghai
YNY,Yangyang International Airport,South Korea,Asia/Seoul
YNZ,Yancheng Airport,China,Asia/Shanghai
YOA,Ekati Airport,Canada,America/Edmonton
YOC,Old Crow Airport,Canada,America/Vancouver
YOD,CFB Cold Lake,Canada,America/Edmonton
YOG,Ogoki Post Airport,Canada,America/Toronto
YOH,Oxford House Airport,Canada,America/Winnipeg
YOJ,High Level Airport,Canada,America/Edmonton
YOL,Yola Airport,Nigeria,Africa/Lagos
YOO,Toronto/Oshawa Executive Airport,Canada,America/Toronto
YOP,Rainbow Lake Airport,Canada,America/Edmonton
YOS,Owen Sound / Billy Bishop Regional Airport,Canada,
YOW,Ottawa Macdonald-Cartier International Airport,Canada,America/Toronto
YPA,Prince Albert Glass Field,Canada,America/Regina
YPC,Paulatuk (Nora Aliqatchialuk Ruben) Airport,Canada,America/Edmonton
YPD,Parry Sound Area Municipal Airport,Canada,America/Toronto
YPE,Peace River Airport,Canada,America/Edmonton
YPG,Southport Airport,Canada,America/Winnipeg
YPH,Inukjuak Airport,Canada,America/Toronto
YPJ,Aupaluk Airport,Canada,America/Toronto
YPL,Pickle Lake Airport,Canada,America/Coral_Harbour
YPM,Pikangikum Airport,Canada,America/Winnipeg
YPN,Port Menier Airport,Canada,America/Toronto
YPO,Peawanuck Airport,Canada,America/Toronto
YPQ,Peterborough Airport,Canada,America/Toronto
YPR,Prince Rupert Airport,Canada,America/Vancouver
YPS,Port Hawkesbury Airport,Canada,
YPW,Powell River Airport,Canada,America/Vancouver
YPX,Puvirnituq Airport,Canada,America/Toronto
YPY,Fort Chipewyan Airport,Canada,America/Edmonton
YQA,Muskoka Airport,Canada,America/Toronto
YQB,Quebec Jean Lesage International Airport,Canada,America/Toronto
YQC,Quaqtaq Airport,Canada,America/Toronto
YQD,The Pas Airport,Canada,America/Winnipeg
YQF,Red Deer Regional Airport,Canada,America/Edmonton
YQG,Windsor Airport,Canada,America/Toronto
YQH,Watson Lake Airport,Canada,America/Vancouver
YQI,Yarmouth Airport,Canada,America/Halifax
YQK,Kenora Airport,Canada,America/Winnipeg
YQL,Lethbridge County Airport,Canada,America/Edmonton
YQM,Greater Moncton International Airport,Canada,America/Halifax
YQN,Nakina Airport,Canada,America/Toronto
YQQ,Comox Airport,Canada,America/Vancouver
YQR,Regina International Airport,Canada,America/Regina
YQS,St Thomas Municipal Airport,Canada,
YQT,Thunder Bay Airport,Canada,America/Toronto
YQU,Grande Prairie Airport,Canada,America/Edmonton
YQV,Yorkton Municipal Airport,Canada,America/Regina
YQW,North Battleford Airport,Canada,America/Regina
YQX,Gander International Airport,Canada,America/St_Johns
YQY,Sydney / J.A. Douglas McCurdy Airport,Canada,America/Halifax
YQZ,Quesnel Airport,Canada,America/Vancouver
YRA,Rae Lakes Airport,Canada,America/Edmonton
YRB,Resolute Bay Airport,Canada,America/Winnipeg
YRF,Cartwright Airport,Canada,America/Halifax
YRG,Rigolet Airport,Canada,America/Halifax
YRI,Rivière-du-Loup Airport,Canada,America/Toronto
YRJ,Roberval Airport,Canada,America/Toronto
YRL,Red Lake Airport,Canada,America/Winnipeg
YRM,Rocky Mountain House Airport,Canada,America/Edmonton
YRO,Ottawa / Rockcliffe Airport,Canada,
YRQ,Trois-Rivières Airport,Canada,America/Toronto
YRS,Red Sucker Lake Airport,Canada,America/Winnipeg
YRT,Rankin Inlet Airport,Canada,America/Winnipeg
YRV,Revelstoke Airport,Canada,America/Vancouver
YSB,Sudbury Airport,Canada,America/Toronto
YSC,Sherbrooke Airport,Canada,America/Toronto
YSD,Suffield Heliport,Canada,America/Edmonton
YSE,Squamish Airport,Canada,
YSF,Stony Rapids Airport,Canada,America/Regina
YSG,Lutselk'e Airport,Canada,
YSH,Smiths Falls-Montague (Russ Beach) Airport,Canada,
YSJ,Saint John Airport,Canada,America/Halifax
YSK,Sanikiluaq Airport,Canada,
YSL,St Leonard Airport,Canada,
YSM,Fort Smith Airport,Canada,America/Edmonton
YSN,Shuswap Regional Airport,Canada,
YSO,Postville Airport,Canada,America/Halifax
YSP,Marathon Airport,Canada,America/Toronto
YSQ,Songyuan Chaganhu Airport,China,
YSR,Nanisivik Airport,Canada,America/Toronto
YST,St. Theresa Point Airport,Canada,America/Winnipeg
YSU,Summerside Airport,Canada,America/Halifax
YSY,Sachs Harbour (David Nasogaluak Jr. Saaryuaq) Airport,Canada,America/Edmonton
YTA,Pembroke Airport,Canada,America/Toronto
YTD,Thicket Portage Airport,Canada,
YTE,Cape Dorset Airport,Canada,America/Toronto
YTF,Alma Airport,Canada,America/Toronto
YTH,Thompson Airport,Canada,America/Winnipeg
YTL,Big Trout Lake Airport,Canada,America/Winnipeg
YTM,La Macaza / Mont-Tremblant International Inc Airport,Canada,America/Toronto
YTQ,Tasiujaq Airport,Canada,America/Toronto
YTR,CFB Trenton,Canada,America/Toronto
YTS,Timmins/Victor M. Power,Canada,America/Toronto
YTY,Yangzhou Taizhou Airport,China,Asia/Shanghai
YTZ,Billy Bishop Toronto City Centre Airport,Canada,America/Toronto
YUA,Yuanmou Air Base,China,
YUB,Tuktoyaktuk Airport,Canada,America/Edmonton
YUD,Umiujaq Airport,Canada,America/Toronto
YUE,Yuendumu Airport,Australia,Australia/Darwin
YUL,Montreal / Pierre Elliott Trudeau International Airport,Canada,America/Toronto
YUM,Yuma MCAS/Yuma International Airport,United States,America/Phoenix
YUS,Yushu Batang Airport,China,Asia/Shanghai
YUT,Repulse Bay Airport,Canada,America/Winnipeg
YUX,Hall Beach Airport,Canada,America/Toronto
YUY,Rouyn Noranda Airport,Canada,America/Toronto
YVA,Iconi Airport,Comoros,Indian/Comoro
YVB,Bonaventure Airport,Canada,America/Toronto
YVC,La Ronge Airport,Canada,America/Regina
YVE,Vernon Airport,Canada,
YVG,Vermilion Airport,Canada,America/Edmonton
YVM,Qikiqtarjuaq Airport,Canada,America/Toronto
YVO,Val-d'Or Airport,Canada,America/Toronto
YVP,Kuujjuaq Airport,Canada,America/Toronto
YVQ,Norman Wells Airport,Canada,America/Edmonton
YVR,Vancouver International Airport,Canada,America/Vancouver
YVT,Buffalo Narrows Airport,Canada,America/Regina
YVV,Wiarton Airport,Canada,America/Toronto
YVZ,Deer Lake Airport,Canada,America/Winnipeg
YWA,Petawawa Airport,Canada,America/Toronto
YWB,Kangiqsujuaq (Wakeham Bay) Airport,Canada,America/Toronto
YWG,Winnipeg / James Armstrong Richardson International Airport,Canada,America/Winnipeg
YWH,Victoria Harbour Seaplane Base,Canada,America/Vancouver
YWJ,Déline Airport,Canada,America/Edmonton
YWK,Wabush Airport,Canada,America/Halifax
YWL,Williams Lake Airport,Canada,America/Vancouver
YWM,Williams Harbour Airport,Canada,America/St_Johns
YWP,Webequie Airport,Canada,America/Toronto
YWS,Whistler/Green Lake Water Aerodrome,Canada,America/Vancouver
YWY,Wrigley Airport,Canada,America/Edmonton
YXC,Cranbrook/Canadian Rockies International Airport,Canada,America/Edmonton
YXD,Edmonton City Centre (Blatchford Field) Airport,Canada,America/Edmonton
YXE,Saskatoon John G. Diefenbaker International Airport,Canada,America/Regina
YXH,Medicine Hat Airport,Canada,America/Edmonton
YXJ,Fort St John Airport,Canada,America/Dawson_Creek
YXK,Rimouski Airport,Canada,America/Toronto
YXL,Sioux Lookout Airport,Canada,America/Winnipeg
YXN,Whale Cove Airport,Canada,America/Winnipeg
YXP,Pangnirtung Airport,Canada,America/Toronto
YXQ,Beaver Creek Airport,Canada,
YXR,Earlton (Timiskaming Regional) Airport,Canada,America/Toronto
YXS,Prince George Airport,Canada,America/Vancouver
YXT,Northwest Regional Airport Terrace-Kitimat,Canada,America/Vancouver
YXU,London Airport,Canada,America/Toronto
YXX,Abbotsford Airport,Canada,America/Vancouver
YXY,Whitehorse / Erik Nielsen International Airport,Canada,America/Vancouver
YXZ,Wawa Airport,Canada,America/Toronto
YYB,North Bay Jack Garland Airport,Canada,America/Toronto
YYC,Calgary International Airport,Canada,America/Edmonton
YYD,Smithers Airport,Canada,America/Vancouver
YYE,Fort Nelson Airport,Canada,America/Vancouver
YYF,Penticton Airport,Canada,America/Vancouver
YYG,Charlottetown Airport,Canada,America/Halifax
YYH,Taloyoak Airport,Canada,America/Edmonton
YYJ,Victoria International Airport,Canada,America/Vancouver
YYL,Lynn Lake Airport,Canada,America/Winnipeg
YYN,Swift Current Airport,Canada,America/Regina
YYQ,Churchill Airport,Canada,America/Winnipeg
YYR,Goose Bay Airport,Canada,America/Halifax
YYT,St. John's International Airport,Canada,America/St_Johns
YYU,Kapuskasing Airport,Canada,America/Toronto
YYW,Armstrong Airport,Canada,America/Toronto
YYY,Mont Joli Airport,Canada,America/Toronto
YYZ,Lester B. Pearson International Airport,Canada,America/Toronto
YZD,Downsview Airport,Canada,America/Toronto
YZE,Gore Bay Manitoulin Airport,Canada,America/Toronto
YZF,Yellowknife Airport,Canada,America/Edmonton
YZG,Salluit Airport,Canada,America/Toronto
YZH,Slave Lake Airport,Canada,America/Edmonton
YZP,Sandspit Airport,Canada,America/Vancouver
YZR,Chris Hadfield Airport,Canada,America/Toronto
YZS,Coral Harbour Airport,Canada,America/Coral_Harbour
YZT,Port Hardy Airport,Canada,America/Vancouver
YZU,Whitecourt Airport,Canada,America/Edmonton
YZV,Sept-Îles Airport,Canada,America/Toronto
YZW,Teslin Airport,Canada,America/Vancouver
YZX,CFB Greenwood,Canada,America/Halifax
YZY,Zhangye Ganzhou Airport,China,Asia/Shanghai
YZZ,Trail Airport,Canada,America/Vancouver
ZAC,York Landing Airport,Canada,America/Winnipeg
ZAD,Zadar Airport,Croatia,Europe/Zagreb
ZAG,Zagreb Airport,Croatia,Europe/Zagreb
ZAH,Zahedan International Airport,Iran,Asia/Tehran
ZAJ,Zaranj Airport,Afghanistan,Asia/Kabul
ZAL,Pichoy Airport,Chile,America/Santiago
ZAM,Zamboanga International Airport,Philippines,Asia/Manila
ZAO,Cahors-Lalbenque Airport,France,Europe/Paris
ZAR,Zaria Airport,Nigeria,Africa/Lagos
ZAT,Zhaotong Airport,China,Asia/Shanghai
ZAZ,Zaragoza Air Base,Spain,Europe/Madrid
ZBF,Bathurst Airport,Canada,America/Halifax
ZBM,Bromont (Roland Desourdy) Airport,Canada,America/Toronto
ZBO,Bowen Airport,Australia,
ZBR,Konarak Airport,Iran,Asia/Tehran
ZBY,Sayaboury Airport,Laos,
ZCL,General Leobardo C. Ruiz International Airport,Mexico,America/Mexico_City
ZCN,Celle Airport,Germany,Europe/Berlin
ZCO,La Araucanía Airport,Chile,
ZEC,Secunda Airport,South Africa,Africa/Johannesburg
ZEM,Eastmain River Airport,Canada,America/Toronto
ZER,Ziro Airport,India,Asia/Calcutta
ZFA,Faro Airport,Canada,America/Vancouver
ZFD,Fond-Du-Lac Airport,Canada,America/Regina
ZFM,Fort Mcpherson Airport,Canada,America/Edmonton
ZFN,Tulita Airport,Canada,America/Edmonton
ZGF,Grand Forks Airport,Canada,
ZGI,Gods River Airport,Canada,America/Winnipeg
ZGR,Little Grand Rapids Airport,Canada,America/Winnipeg
ZGS,La Romaine Airport,Canada,America/Blanc-Sablon
ZGU,Gaua Island Airport,Vanuatu,Pacific/Efate
ZHA,Zhanjiang Airport,China,Asia/Shanghai
ZHI,Grenchen Airport,Switzerland,Europe/Zurich
ZHY,Zhongwei Shapotou Airport,China,Asia/Shanghai
ZIA,Zhukovsky International Airport,Russia,Europe/Moscow
ZIC,Victoria Airport,Chile,
ZIG,Ziguinchor Airport,Senegal,Africa/Dakar
ZIH,Ixtapa Zihuatanejo International Airport,Mexico,America/Mexico_City
ZIN,Interlaken Air Base,Switzerland,Europe/Zurich
ZIS,Alzintan Airport,Libya,
ZIX,Zhigansk Airport,Russia,
ZJG,Jenpeg Airport,Canada,
ZJI,Locarno Airport,Switzerland,Europe/Zurich
ZJN,Swan River Airport,Canada,America/Winnipeg
ZKB,Kasaba Bay Airport,Zambia,Africa/Lusaka
ZKE,Kashechewan Airport,Canada,America/Toronto
ZKG,Kegaska Airport,Canada,America/Blanc-Sablon
ZKP,Zyryanka Airport,Russia,Asia/Srednekolymsk
ZLO,Playa De Oro International Airport,Mexico,America/Mexico_City
ZLT,La Tabatière Airport,Canada,America/Blanc-Sablon
ZMG,"Magdeburg ""City"" Airport",Germany,Europe/Berlin
ZMH,South Cariboo Region / 108 Mile Airport,Canada,America/Vancouver
ZMM,Zamora Airport,Mexico,America/Mexico_City
ZMT,Masset Airport,Canada,America/Vancouver
ZNA,Nanaimo Harbour Water Airport,Canada,America/Vancouver
ZND,Zinder Airport,Niger,Africa/Niamey
ZNE,Newman Airport,Australia,Australia/Perth
ZNF,Hanau Army Air Field,Germany,Europe/Berlin
ZNZ,Abeid Amani Karume International Airport,Tanzania,Africa/Dar_es_Salaam
ZOS,Cañal Bajo Carlos - Hott Siebert Airport,Chile,America/Santiago
ZPB,Sachigo Lake Airport,Canada,America/Winnipeg
ZPC,Pucón Airport,Chile,America/Santiago
ZPH,Zephyrhills Municipal Airport,United States,America/New_York
ZQL,Donaueschingen-Villingen Airport,Germany,Europe/Berlin
ZQN,Queenstown International Airport,New Zealand,Pacific/Auckland
ZQW,Zweibrücken Airport,Germany,Europe/Berlin
ZQZ,Zhangjiakou Ningyuan Airport,China,
ZRH,Zürich Airport,Switzerland,Europe/Zurich
ZRJ,Round Lake (Weagamow Lake) Airport,Canada,America/Winnipeg
ZSA,San Salvador Airport,Bahamas,America/Nassau
ZSE,Pierrefonds Airport,Reunion,Indian/Reunion
ZSJ,Sandy Lake Airport,Canada,America/Winnipeg
ZST,Stewart Airport,Canada,
ZSW,Prince Rupert/Seal Cove Seaplane Base,Canada,America/Vancouver
ZTA,Tureia Airport,French Polynesia,
ZTB,Tête-à-la-Baleine Airport,Canada,America/Blanc-Sablon
ZTH,"Zakynthos International Airport ""Dionysios Solomos""",Greece,Europe/Athens
ZTM,Shamattawa Airport,Canada,America/Winnipeg
ZTR,Zhytomyr Airport,Ukraine,Europe/Kiev
ZTU,Zaqatala International Airport,Azerbaijan,Asia/Baku
ZUC,Ignace Municipal Airport,Canada,
ZUH,Zhuhai Jinwan Airport,China,Asia/Shanghai
ZUM,Churchill Falls Airport,Canada,America/Halifax
ZVA,Miandrivazo Airport,Madagascar,Indian/Antananarivo
ZVK,Savannakhet Airport,Laos,Asia/Vientiane
ZWA,Andapa Airport,Madagascar,Indian/Antananarivo
ZWL,Wollaston Lake Airport,Canada,America/Regina
ZXT,Zabrat Airport,Azerbaijan,
ZYI,Zunyi Xinzhou Airport,China,Asia/Shanghai
ZYL,Osmany International Airport,Bangladesh,Asia/Dhaka
ZZU,Mzuzu Airport,Malawi,Africa/Blantyre
ZZV,Zanesville Municipal Airport,United States,
